файл	название	цена
catalog/compare.php.html	Сравнение товаров	
catalog/domashniy_tekstil/matrasy_vatnye.html	Матрасы ватные	
catalog/domashniy_tekstil/namatrasniki_1.html	Наматрасники	
catalog/domashniy_tekstil/odeyala/bambukovye_1.html	Бамбуковые	
catalog/domashniy_tekstil/odeyala/lebyazhiy_pukh_2.html	"Лебяжий пух"	
catalog/domashniy_tekstil/odeyala/pukhovye.html	Пуховые	
catalog/domashniy_tekstil/odeyala/sintepon_fayber.html	Синтепон/файбер	
catalog/domashniy_tekstil/odeyala.html	Одеяла	
catalog/domashniy_tekstil/pokryvala.html	Покрывала	
catalog/domashniy_tekstil.html	Домашний текстиль	
catalog/furnitura/bakhroma.html	Бахрома	85
catalog/furnitura/kanty_i_shnury.html	Канты и шнуры	45
catalog/furnitura/kosaya_beyka/elastichnaya_trikotazhnaya.html	Эластичная (трикотажная)	17
catalog/furnitura/kosaya_beyka/kh_b.html	Х/б	6.50
catalog/furnitura/kosaya_beyka.html	Косая бейка	6.50
catalog/furnitura/kruzhevo/shite.html	Кружево шитье	29
catalog/furnitura/kruzhevo/vyazanoe_na_koklyushkakh.html	Вязаное кружево на коклюшках	25
catalog/furnitura/kruzhevo.html	Кружево	25
catalog/furnitura/lenty_dekorativnye/georgievskie_trikolor.html	Георгиевские ленты, триколор	10
catalog/furnitura/lenty_dekorativnye/iz_meshkoviny.html	Ленты из мешковины	29
catalog/furnitura/lenty_dekorativnye/lenty_trikotazhnye_ribana.html	Ленты трикотажные (рибана)	29
catalog/furnitura/lenty_dekorativnye.html	Ленты декоративные	10
catalog/furnitura/lenty_tekhnicheskie/kipernye.html	Киперные	4.50
catalog/furnitura/lenty_tekhnicheskie/okantovochnye.html	Окантовочные	4
catalog/furnitura/lenty_tekhnicheskie/remennye_stropa.html	Ременные (стропа)	12
catalog/furnitura/lenty_tekhnicheskie.html	Ленты технические	16
catalog/furnitura/lipuchka_lenta_velkro_1/100_mm.html	100 мм	89
catalog/furnitura/lipuchka_lenta_velkro_1/20_mm.html	20 мм	26
catalog/furnitura/lipuchka_lenta_velkro_1/25_mm.html	25-30 мм	29
catalog/furnitura/lipuchka_lenta_velkro_1/50_mm.html	40-50 мм	46
catalog/furnitura/lipuchka_lenta_velkro_1.html	Липучка (лента Велькро)	89
catalog/furnitura/metallofurnitura/karabiny.html	Карабины	
catalog/furnitura/metallofurnitura/knopki.html	Кнопки	3.50
catalog/furnitura/metallofurnitura/koltsa_polukoltsa_ramki.html	Кольца, полукольца, рамки	
catalog/furnitura/metallofurnitura/kryuchki_pugovitsy_dlya_shub.html	Крючки для шуб	
catalog/furnitura/metallofurnitura/lyuversy.html	Люверсы	
catalog/furnitura/metallofurnitura/pryazhki_metallicheskie.html	Пряжки металлические	
catalog/furnitura/metallofurnitura/ustanovochnoe_oborudovanie.html	Установочное оборудование	
catalog/furnitura/metallofurnitura/zastyezhki.html	Застёжки	
catalog/furnitura/metallofurnitura.html	Металлофурнитура	3.50
catalog/furnitura/molnii/begunki.html	Бегунки	12
catalog/furnitura/molnii/molnii_metallicheskie.html	Молнии металлические	26
catalog/furnitura/molnii/molnii_potaynye.html	Молнии потайные	10
catalog/furnitura/molnii/molnii_rulonnye_1.html	Рулонные молнии	24
catalog/furnitura/molnii/molnii_traktornye.html	Молнии тракторные	
catalog/furnitura/molnii.html	Молнии. Бегунки.	12
catalog/furnitura/nitki_1/nitki_100_p_e.html	Нитки 40/2  полиэстер	30.70
catalog/furnitura/nitki_1/nitki_armirovannye.html	Армированные нитки	199
catalog/furnitura/nitki_1/nitki_spetsializirovannye.html	Нитки специализированные	219
catalog/furnitura/nitki_1.html	Нитки	199
catalog/furnitura/nozhnitsy/krasnyy_metallist_belarus.html	Ножи	
catalog/furnitura/nozhnitsy/prochie.html	Ножницы	1 800
catalog/furnitura/nozhnitsy.html	Закройные и портновские ножницы	1 800
catalog/furnitura/plastikovaya_furnitura/fiksatory.html	Фиксаторы	
catalog/furnitura/plastikovaya_furnitura/nakonechniki.html	Наконечники	
catalog/furnitura/plastikovaya_furnitura/pryazhki_regulirovochnye.html	Пряжки регулировочные	12
catalog/furnitura/plastikovaya_furnitura/shlevki.html	Шлевки	
catalog/furnitura/plastikovaya_furnitura/zashchelki_trezubtsy.html	Фастексы	20
catalog/furnitura/plastikovaya_furnitura.html	Пластиковая фурнитура	20
catalog/furnitura/prinadlezhnosti_dlya_shitya/bulavki.html	Булавки	145
catalog/furnitura/prinadlezhnosti_dlya_shitya/chelnoki_shpulki.html	Челноки, шпульки	10
catalog/furnitura/prinadlezhnosti_dlya_shitya/etiket_pistolety_birkoderzhateli.html	Этикет-пистолеты, биркодержатели	563
catalog/furnitura/prinadlezhnosti_dlya_shitya/igly_ruchnye.html	Иглы для ручного шитья	45
catalog/furnitura/prinadlezhnosti_dlya_shitya/igolnitsy.html	Игольницы	106
catalog/furnitura/prinadlezhnosti_dlya_shitya/kleevye_pistolety_kleevye_sterzhni.html	Клеевые пистолеты, клеевые стержни	
catalog/furnitura/prinadlezhnosti_dlya_shitya/mel_i_markery.html	Мел и маркеры	55
catalog/furnitura/prinadlezhnosti_dlya_shitya/metki_razmera_sostava.html	Метки размера/состава	
catalog/furnitura/prinadlezhnosti_dlya_shitya/podplechniki.html	Подплечники	
catalog/furnitura/prinadlezhnosti_dlya_shitya/prochie_prinadlezhnosti_1.html	Прочие принадлежности	1 890
catalog/furnitura/prinadlezhnosti_dlya_shitya/santimetry_metry.html	Сантиметры, метры, лекало	85
catalog/furnitura/prinadlezhnosti_dlya_shitya.html	Принадлежности для шитья	145
catalog/furnitura/prinadlezhnosti_dlya_shtor/lyuversy_1.html	Люверсы. Подхваты.	26
catalog/furnitura/prinadlezhnosti_dlya_shtor/shtornaya_lyuversnaya_lenta.html	Шторная, люверсная лента	82
catalog/furnitura/prinadlezhnosti_dlya_shtor.html	Принадлежности для штор	82
catalog/furnitura/pugovitsy_1/dlya_spetsodezhdy.html	Для спецодежды	0.30
catalog/furnitura/pugovitsy_1/obtyazhnye.html	Обтяжные	3.50
catalog/furnitura/pugovitsy_1.html	Пуговицы	3.50
catalog/furnitura/rezinka_1/azhurnaya.html	Бельевая (ажурная, окантовочная, для бретелей)	25
catalog/furnitura/rezinka_1/korsetnaya.html	Корсетная резинка	300
catalog/furnitura/rezinka_1/proderzhka.html	Резинка-продержка	14
catalog/furnitura/rezinka_1/rezinka_v_nalichii.html	Башмачная,Тканая	85
catalog/furnitura/rezinka_1/shlyapnaya.html	Шляпная (круглая)	7
catalog/furnitura/rezinka_1/vyazannaya.html	Вязанная резинка	17
catalog/furnitura/rezinka_1.html	Резинка	17
catalog/furnitura/tesma/dekorativnaya.html	Декоративная	
catalog/furnitura/tesma/metallizirovannaya_1.html	Металлизированная	27
catalog/furnitura/tesma/s_pomponami.html	С помпонами	29
catalog/furnitura/tesma/shanel.html	Шанель	29
catalog/furnitura/tesma/vyunchik.html	Вьюнчик	
catalog/furnitura/tesma.html	Декоративная тесьма	29
catalog/furnitura.html	Швейная фурнитура оптом	3000 
catalog/komplektuyushchie_dlya_matrasov/matrasnye_tkani_.html	Матрасные ткани	228
catalog/komplektuyushchie_dlya_matrasov/porolon_1.html	Поролон	990
catalog/komplektuyushchie_dlya_matrasov/porolon_s_pamyatyu.html	Поролон с памятью	4 985
catalog/komplektuyushchie_dlya_matrasov/raznoe_/lenta_okantovochnaya_1.html	Лента окантовочная	11
catalog/komplektuyushchie_dlya_matrasov/raznoe_/lipuchka_lenta_velkro.html	Липучка (лента велькро)	26
catalog/komplektuyushchie_dlya_matrasov/raznoe_/molnii_rulonnye.html	Молнии рулонные	
catalog/komplektuyushchie_dlya_matrasov/raznoe_/nitki.html	Нитки	
catalog/komplektuyushchie_dlya_matrasov/raznoe_/rezinka.html	Резинка	
catalog/komplektuyushchie_dlya_matrasov/raznoe_.html	Фурнитура для матрасов	11
catalog/komplektuyushchie_dlya_matrasov/spandbond.html	Спандбонд	525
catalog/komplektuyushchie_dlya_matrasov/voylok.html	Войлок	238
catalog/komplektuyushchie_dlya_matrasov.html	Комплектующие для изготовления матрасов	238
catalog/napolniteli_i_utepliteli/khollofayber.html	Холлофайбер	426
catalog/napolniteli_i_utepliteli/porolon.html	Поролон	990
catalog/napolniteli_i_utepliteli/sherstepon.html	Шерстепон	
catalog/napolniteli_i_utepliteli/sintepon_/sintepon_sh_150_sm.html	Синтепон ш-150 см	146
catalog/napolniteli_i_utepliteli/sintepon_/sintepon_sh_220_sm.html	Синтепон ш-220 см	372
catalog/napolniteli_i_utepliteli/sintepon_.html	Синтепон	372
catalog/napolniteli_i_utepliteli/uteplitel_siberiya/siberiya_classic.html	Сиберия Classic	132
catalog/napolniteli_i_utepliteli/uteplitel_siberiya/siberiya_drops_shariki.html	Сиберия Drops (шарики)	683
catalog/napolniteli_i_utepliteli/uteplitel_siberiya/siberiya_husky.html	Сиберия Husky	205
catalog/napolniteli_i_utepliteli/uteplitel_siberiya/siberiya_micro.html	Сиберия Micro	424
catalog/napolniteli_i_utepliteli/uteplitel_siberiya/siberiya_pooh_lebyazhiy_pukh.html	Сиберия Pooh (лебяжий пух)	741
catalog/napolniteli_i_utepliteli/uteplitel_siberiya/siberiya_slim.html	Сиберия Slim	198
catalog/napolniteli_i_utepliteli/uteplitel_siberiya/siberiya_velvet.html	Сиберия Velvet	628
catalog/napolniteli_i_utepliteli/uteplitel_siberiya.html	Утеплитель СИБЕРИЯ	455
catalog/napolniteli_i_utepliteli/vatin.html	Ватин	86
catalog/napolniteli_i_utepliteli.html	Наполнители и утеплители	990
catalog/oborudovanie/igly_dlya_shveynykh_mashin/drugie.html	Gamma	64
catalog/oborudovanie/igly_dlya_shveynykh_mashin/organ_1.html	Organ	300
catalog/oborudovanie/igly_dlya_shveynykh_mashin/schmetz_2.html	Schmetz	179
catalog/oborudovanie/igly_dlya_shveynykh_mashin.html	Иглы для бытовых швейных машин	64
catalog/oborudovanie/lapki_dlya_shveynykh_mashin.html	Лапки для бытовых швейных машин	
catalog/oborudovanie/prochie_aksessuary/lampochki.html	Лампочки	165
catalog/oborudovanie/prochie_aksessuary/maslo.html	Масло	790
catalog/oborudovanie/prochie_aksessuary.html	Прочие аксессуары для БШМ	165
catalog/oborudovanie.html	Швейное оборудование	3000 
catalog/tekstil_dlya_detskikh_sadov_1/tkan_byaz_detskaya.html	Ткань бязь детская	204
catalog/tekstil_dlya_detskikh_sadov_1/tkan_poplin_detskiy.html	Ткань поплин детский	163
catalog/tekstil_dlya_detskikh_sadov_1.html	Текстиль для детских садов	204
catalog/textil_oteley_i_restoranov/tkan/byaz_otbelennaya.html	Бязь отбеленная	255
catalog/textil_oteley_i_restoranov/tkan/makhrovoe_polotno_1.html	Махровое полотно	
catalog/textil_oteley_i_restoranov/tkan/perkal_otbelennyy.html	Перкаль однотонный	295
catalog/textil_oteley_i_restoranov/tkan/poplin_otbelennyy.html	Поплин однотонный	175
catalog/textil_oteley_i_restoranov/tkan/satin_odnotonnyy_1.html	Сатин однотонный	542
catalog/textil_oteley_i_restoranov/tkan/satin_zhakkard.html	Сатин жаккард	549
catalog/textil_oteley_i_restoranov/tkan.html	Ткань	255
catalog/textil_oteley_i_restoranov.html	Текстиль для отелей	255
catalog/tkani/113406.html	Вуаль Interio, цв. персик (№45424)	243
catalog/tkani/113417.html	Вуаль Aletta, цв. бордовый (№76788)	243
catalog/tkani/134396.html	Вуаль Interio с утяжелителем. цв.молочный (№68096)	271
catalog/tkani/159170.html	Бортовка льняная (неклеевая)	574
catalog/tkani/162221.html	Вуаль Interio, цв. белый (№61669) (с утяжелителем)	271
catalog/tkani/162236.html	Вуаль Interio с утяжелителем. цв.бирюза	271
catalog/tkani/184907.html	Батист, цв. фуксия	794
catalog/tkani/184908.html	Батист, цв. синий	794
catalog/tkani/184909.html	Батист, цв. бежевый	794
catalog/tkani/184911.html	Батист Ришелье, цв. белый	984
catalog/tkani/184912.html	Батист "Бабочки", цв. темно-синий	543
catalog/tkani/184920.html	Бифлекс, цв. молочный	879
catalog/tkani/185707.html	Батист принт	452
catalog/tkani/185708.html	Батист принт	452
catalog/tkani/185709.html	Батист принт	452
catalog/tkani/185710.html	Батист принт	452
catalog/tkani/185711.html	Батист принт	452
catalog/tkani/185712.html	Батист принт	452
catalog/tkani/188678.html	Бязь суровая Ш-165 пл 120 гр 6165130, м	144
catalog/tkani/96257.html	Вуаль Interio салат м91-45447	243
catalog/tkani/brezent_2/brezent_ogneupornyy_2/188665.html	Ткань Брезент ОП 500 гр. Ш-90 см 511293-ОП, м	428
catalog/tkani/brezent_2/brezent_ogneupornyy_2.html	Брезент огнеупорный	355
catalog/tkani/brezent_2/brezent_surovyy.html	Брезент суровый	
catalog/tkani/brezent_2/brezent_vodoupornyy_2/188664.html	Ткань Брезент СКПВ Ш-90 пл.540гр 511252-СКПВ, м	575
catalog/tkani/brezent_2/brezent_vodoupornyy_2.html	Брезент водоупорный	414
catalog/tkani/brezent_2.html	Брезент	414
catalog/tkani/byaz/144604.html	ткань Бязь отбеленная, пл.120 г/м, Ш-150 см	149
catalog/tkani/byaz/147393.html	ткань Бязь черная, ГОСТ	184
catalog/tkani/byaz/150012.html	ткань Бязь отбеленная ГОСТ, Ш-220 см	255
catalog/tkani/byaz/150013.html	ткань Бязь отбеленная, пл.105 г/м, Ш-150 см	129
catalog/tkani/byaz/153144.html	ткань Бязь отбеленная ш-80см	102
catalog/tkani/byaz/153152.html	ткань Бязь отбеленная ГОСТ, Ш-80 см	111
catalog/tkani/byaz/153201.html	ткань Бязь, цв. бирюзовый, ГОСТ	232
catalog/tkani/byaz/157046.html	ткань Бязь суровая Гост	174
catalog/tkani/byaz/159475.html	ткань Бязь Премиум (ГОСТ) "Пинки-Винки"	204
catalog/tkani/byaz/175068.html	ткань Бязь "Хитрый нос"	204
catalog/tkani/byaz/181405.html	ткань Бязь Премиум (ГОСТ) "Натурель" цв.розовый	325
catalog/tkani/byaz/181675.html	ткань Бязь "Машенька"	204
catalog/tkani/byaz/181677.html	ткань Бязь "Девчата" компаньон	204
catalog/tkani/byaz/181727.html	ткань Бязь "Мишкины друзья"	204
catalog/tkani/byaz/182140.html	ткань Бязь Премиум (ГОСТ) "Самолеты"	204
catalog/tkani/byaz/182161.html	ткань Бязь "Лакомка" компаньон	204
catalog/tkani/byaz/184922.html	ткань Бязь суровая ГОСТ	109
catalog/tkani/byaz/185565.html	ткань Бязь Премиум (ГОСТ) "Белиссимо"	325
catalog/tkani/byaz/187062.html	ткань Бязь "Дино"	204
catalog/tkani/byaz/188678.html	Бязь суровая Ш-165 пл 120 гр 6165130, м	144
catalog/tkani/byaz/byaz_detskaya/159475.html	ткань Бязь Премиум (ГОСТ) "Пинки-Винки"	204
catalog/tkani/byaz/byaz_detskaya/175068.html	ткань Бязь "Хитрый нос"	204
catalog/tkani/byaz/byaz_detskaya/181675.html	ткань Бязь "Машенька"	204
catalog/tkani/byaz/byaz_detskaya/181677.html	ткань Бязь "Девчата" компаньон	204
catalog/tkani/byaz/byaz_detskaya/181727.html	ткань Бязь "Мишкины друзья"	204
catalog/tkani/byaz/byaz_detskaya/182140.html	ткань Бязь Премиум (ГОСТ) "Самолеты"	204
catalog/tkani/byaz/byaz_detskaya/182161.html	ткань Бязь "Лакомка" компаньон	204
catalog/tkani/byaz/byaz_detskaya/187062.html	ткань Бязь "Дино"	204
catalog/tkani/byaz/byaz_detskaya/filter/clear/apply.html	ткань Бязь детская	204
catalog/tkani/byaz/byaz_detskaya.html	ткань Бязь детская	204
catalog/tkani/byaz/byaz_khalatnaya.html	Бязь халатная	
catalog/tkani/byaz/byaz_nabivnaya_sh_150_sm.html	ткань Бязь набивная Ш-150см	
catalog/tkani/byaz/byaz_nabivnaya_sh_220_sm/181405.html	ткань Бязь Премиум (ГОСТ) "Натурель" цв.розовый	325
catalog/tkani/byaz/byaz_nabivnaya_sh_220_sm/185565.html	ткань Бязь Премиум (ГОСТ) "Белиссимо"	325
catalog/tkani/byaz/byaz_nabivnaya_sh_220_sm/filter/clear/apply.html	ткань Бязь набивная ш-220 см	325
catalog/tkani/byaz/byaz_nabivnaya_sh_220_sm.html	ткань Бязь набивная ш-220 см	325
catalog/tkani/byaz/byaz_odnotonnaya_/144603.html	ткань Бязь, цв. т. коричневый, ГОСТ	232
catalog/tkani/byaz/byaz_odnotonnaya_/144604.html	ткань Бязь отбеленная, пл.120 г/м, Ш-150 см	149
catalog/tkani/byaz/byaz_odnotonnaya_/147393.html	ткань Бязь черная, ГОСТ	184
catalog/tkani/byaz/byaz_odnotonnaya_/150012.html	ткань Бязь отбеленная ГОСТ, Ш-220 см	255
catalog/tkani/byaz/byaz_odnotonnaya_/150013.html	ткань Бязь отбеленная, пл.105 г/м, Ш-150 см	129
catalog/tkani/byaz/byaz_odnotonnaya_/153082.html	ткань Бязь, цв. зеленый,  ГОСТ	232
catalog/tkani/byaz/byaz_odnotonnaya_/153144.html	ткань Бязь отбеленная ш-80см	102
catalog/tkani/byaz/byaz_odnotonnaya_/153152.html	ткань Бязь отбеленная ГОСТ, Ш-80 см	111
catalog/tkani/byaz/byaz_odnotonnaya_/153184.html	ткань Бязь, цв. персиковый, ГОСТ	232
catalog/tkani/byaz/byaz_odnotonnaya_/153185.html	ткань Бязь, цв.желтый, ГОСТ	232
catalog/tkani/byaz/byaz_odnotonnaya_/153186.html	ткань Бязь, цв.розовый, ГОСТ	232
catalog/tkani/byaz/byaz_odnotonnaya_/153189.html	ткань Бязь, цв. изумруд, ГОСТ	232
catalog/tkani/byaz/byaz_odnotonnaya_/153192.html	ткань Бязь, цв. василек, ГОСТ	232
catalog/tkani/byaz/byaz_odnotonnaya_/153201.html	ткань Бязь, цв. бирюзовый, ГОСТ	232
catalog/tkani/byaz/byaz_odnotonnaya_/176575.html	ткань Бязь, цв. серый, ГОСТ	232
catalog/tkani/byaz/byaz_odnotonnaya_/176576.html	ткань Бязь, цв. голубой, ГОСТ	232
catalog/tkani/byaz/byaz_odnotonnaya_/176578.html	ткань Бязь, цв.бежевый, ГОСТ	232
catalog/tkani/byaz/byaz_odnotonnaya_/181398.html	ткань Бязь, цв. оливковый, ГОСТ	211
catalog/tkani/byaz/byaz_odnotonnaya_/184218.html	ткань Бязь, цв. малина ГОСТ	232
catalog/tkani/byaz/byaz_odnotonnaya_/184391.html	ткань Бязь, цв. оранжевый, ГОСТ	232
catalog/tkani/byaz/byaz_odnotonnaya_/filter/clear/apply.html	ткань Бязь однотонная	255
catalog/tkani/byaz/byaz_odnotonnaya_.html	ткань Бязь однотонная	255
catalog/tkani/byaz/byaz_odnotonnaya_~PAGEN_1_2.html	ткань Бязь однотонная	232
catalog/tkani/byaz/byaz_surovaya/157046.html	ткань Бязь суровая Гост	174
catalog/tkani/byaz/byaz_surovaya/184922.html	ткань Бязь суровая ГОСТ	109
catalog/tkani/byaz/byaz_surovaya/188678.html	Бязь суровая Ш-165 пл 120 гр 6165130, м	144
catalog/tkani/byaz/byaz_surovaya/8780.html	ткань Бязь суровая	111
catalog/tkani/byaz/byaz_surovaya/filter/clear/apply.html	Бязь суровая	144
catalog/tkani/byaz/byaz_surovaya.html	Бязь суровая	144
catalog/tkani/byaz/filter/clear/apply.html	ткань Бязь	144
catalog/tkani/byaz.html	ткань Бязь	144
catalog/tkani/byaz~PAGEN_1_2.html	ткань Бязь	232
catalog/tkani/dlya_turisticheskogo_snaryazheniya/oksford_420_d_pvc.html	Оксфорд 420 D PVC	225
catalog/tkani/dlya_turisticheskogo_snaryazheniya/oksford_600_d_pvc.html	Оксфорд 600 D PVC	256
catalog/tkani/dlya_turisticheskogo_snaryazheniya.html	Для туристического снаряжения	256
catalog/tkani/filter/clear/apply.html	Ткани оптом со склада в Ростове-на-Дону	543
catalog/tkani/flanel/flanel_dlya_pelenok.html	ткань Фланель для пеленок	171
catalog/tkani/flanel/flanel_khalatnaya.html	ткань Фланель халатная	202
catalog/tkani/flanel/flanel_odnotonnaya.html	Фланель однотонная	217
catalog/tkani/flanel/flanel_rubashechnaya.html	ткань Фланель рубашечная	
catalog/tkani/flanel.html	ткань Фланель	202
catalog/tkani/gabardin/gabardin_kitay.html	Габардин Китай	187
catalog/tkani/gabardin.html	Габардин	187
catalog/tkani/kamuflirovannaya_tkan_1.html	Камуфлированная ткань	229
catalog/tkani/kleevye_materialy/bortovka.html	Бортовка	574
catalog/tkani/kleevye_materialy/dublerin.html	Дублерин	564
catalog/tkani/kleevye_materialy/flizelin.html	Флизелин	183
catalog/tkani/kleevye_materialy.html	Клеевые материалы	574
catalog/tkani/kurtochnye_tkani.html	Курточные ткани	215
catalog/tkani/makhrovoe_polotno.html	Махровая ткань	
catalog/tkani/matrasnye_tkani.html	Ткань для матраса	228
catalog/tkani/mebelnye_tkani_/gobelen/gobelen_150_160_sm.html	Гобелен 150-160 см	
catalog/tkani/mebelnye_tkani_/gobelen/gobelen_200_sm/188679.html	Ткань Гобелен "Балет" цв.1 Ш-200см пл.287гр 100% пэ Россия 3108701, м	1218
catalog/tkani/mebelnye_tkani_/gobelen/gobelen_200_sm/188680.html	Ткань Гобелен "В саду" Ш-200 см пл.325 гр 100% пэ Россия 310775, м	1218
catalog/tkani/mebelnye_tkani_/gobelen/gobelen_200_sm/188681.html	Ткань Гобелен "Василиса" цв.11 Ш-200см пл.300гр 100% пэ Россия 31016, м	1218
catalog/tkani/mebelnye_tkani_/gobelen/gobelen_200_sm/188682.html	Ткань Гобелен "Венский вальс" Ш-200 см пл. 290 гр 100% пэ Россия 31017, м	1218
catalog/tkani/mebelnye_tkani_/gobelen/gobelen_200_sm/188683.html	Ткань Гобелен "Вечность" цв.1 Ш-200 см пл.340гр 100% пэ Россия 310761, м	837
catalog/tkani/mebelnye_tkani_/gobelen/gobelen_200_sm/188684.html	Ткань Гобелен "Вечность" цв.3 Ш-200 см пл.340гр 100% пэ Россия 310763, м	837
catalog/tkani/mebelnye_tkani_/gobelen/gobelen_200_sm/188685.html	Ткань Гобелен "Виноград " цв.1 Ш-200 см пл.300 гр 100% пэ Россия 310812, м	1218
catalog/tkani/mebelnye_tkani_/gobelen/gobelen_200_sm/188686.html	Ткань Гобелен "Воздух" цв.1 Ш-200см пл.325гр 100% пэ Россия 310873, м	1218
catalog/tkani/mebelnye_tkani_/gobelen/gobelen_200_sm/188687.html	Ткань Гобелен "Возрождение" цв.1 Ш-200см пл.350гр 100% пэ Россия 310874, м	1218
catalog/tkani/mebelnye_tkani_/gobelen/gobelen_200_sm/188688.html	Ткань Гобелен "Время" цв.1 Ш-200 см пл.320 гр 100% пэ Россия 310732, м	1218
catalog/tkani/mebelnye_tkani_/gobelen/gobelen_200_sm/188689.html	Ткань Гобелен "Городок" Ш-200 см пл. 300 гр 100% пэ Россия 31019, м	1218
catalog/tkani/mebelnye_tkani_/gobelen/gobelen_200_sm/188690.html	Ткань Гобелен "Городская" ш-200см пл. 285 гр 100% пэ Россия31007, м	1218
catalog/tkani/mebelnye_tkani_/gobelen/gobelen_200_sm/188691.html	Ткань Гобелен "Гранаты" цв.1 Ш-200 см пл. 310 гр 100% пэ Россия 3107521, м	1218
catalog/tkani/mebelnye_tkani_/gobelen/gobelen_200_sm/188692.html	Ткань Гобелен "Гуси" Ш-190 см пропитка МВО пл.275гр 100% пэ Россия 31080051, м	1218
catalog/tkani/mebelnye_tkani_/gobelen/gobelen_200_sm/188693.html	Ткань Гобелен "Джунгли" цв.1 Ш-200 см пл. 280 гр 100% пэ Россия 310733, м	1218
catalog/tkani/mebelnye_tkani_/gobelen/gobelen_200_sm/188694.html	Ткань Гобелен "Джунгли" цв.2 Ш-200 см пл.280 гр 100% пэ 310734, м	1218
catalog/tkani/mebelnye_tkani_/gobelen/gobelen_200_sm/188695.html	Ткань Гобелен "Дикая орхидея" цв.1 Ш-200 см пл.325гр 100% пэ Россия 3107431, м	1218
catalog/tkani/mebelnye_tkani_/gobelen/gobelen_200_sm/188696.html	Ткань Гобелен "Дикая орхидея" цв.2 Ш-200 см пл.325гр 100% пэ Россия 3107432, м	1218
catalog/tkani/mebelnye_tkani_/gobelen/gobelen_200_sm/188697.html	Ткань Гобелен "Ереван " цв.1 Ш-200 см пл.375гр 100% пэ Россия 31054, м	1218
catalog/tkani/mebelnye_tkani_/gobelen/gobelen_200_sm/188698.html	Ткань Гобелен "Заповедник "цв.11 Ш-200 см пл.305гр 100% пэ Россия 31067, м	1218
catalog/tkani/mebelnye_tkani_/gobelen/gobelen_200_sm/188699.html	Ткань Гобелен "Заречье" цв.1 Ш-200см пл.325гр 100% пэ Россия 310875, м	1218
catalog/tkani/mebelnye_tkani_/gobelen/gobelen_200_sm/188700.html	Ткань Гобелен "Ипподром " цв.1 Ш-200 см пл.325гр 100% пэ Россия 310561, м	1218
catalog/tkani/mebelnye_tkani_/gobelen/gobelen_200_sm/188701.html	Ткань Гобелен "Каир" ш-200см пл.306 гр 100% пэ Россия 31021, м	1218
catalog/tkani/mebelnye_tkani_/gobelen/gobelen_200_sm/188702.html	Ткань Гобелен "Каникулы " Ш-200 см пл.360 гр 100% пэ Россия 310571, м	1218
catalog/tkani/mebelnye_tkani_/gobelen/gobelen_200_sm/188703.html	Ткань Гобелен "Каприфоль 2" Ш-200 см пл. 360 гр 100% пэ Россия 310492, м	1218
catalog/tkani/mebelnye_tkani_/gobelen/gobelen_200_sm/188704.html	Ткань Гобелен "Каприфоль" цв.1 Ш-200 см пл. 360 гр 100% пэ Россия 310491, м	1218
catalog/tkani/mebelnye_tkani_/gobelen/gobelen_200_sm/188705.html	Ткань Гобелен "Карта " Ш-200 см пл. 360 гр 100% пэ Россия 31059, м	1218
catalog/tkani/mebelnye_tkani_/gobelen/gobelen_200_sm/188706.html	Ткань Гобелен "Коллаж" цв.2 Ш-200 см пл.340 гр 100% пэ Россия 310352, м	1218
catalog/tkani/mebelnye_tkani_/gobelen/gobelen_200_sm/188707.html	Ткань Гобелен "Кочевник" цв.35 Ш-200 см пл.400 гр. 310835, м	837
catalog/tkani/mebelnye_tkani_/gobelen/gobelen_200_sm/188708.html	Ткань Гобелен "Краски лета " Ш-200 см пл.285 гр 100% пэ Россия 31060, м	1218
catalog/tkani/mebelnye_tkani_/gobelen/gobelen_200_sm/188709.html	Ткань Гобелен "Лимон" Ш-185 см пропитка МВО пл.280гр 100% пэ Россия 31018511, м	1218
catalog/tkani/mebelnye_tkani_/gobelen/gobelen_200_sm/188710.html	Ткань Гобелен "Луговая " цв.2 Ш-200 см пл.280 гр 100% пэ Россия 310612, м	1218
catalog/tkani/mebelnye_tkani_/gobelen/gobelen_200_sm/188711.html	Ткань Гобелен "Мартагон" цв.2 Ш-200 см пл.325гр 100% пэ Россия 310452, м	1218
catalog/tkani/mebelnye_tkani_/gobelen/gobelen_200_sm/188712.html	Ткань Гобелен "Мартагон" цв.4 Ш-200 см пл.325гр 100% пэ Россия 310451, м	1218
catalog/tkani/mebelnye_tkani_/gobelen/gobelen_200_sm/188713.html	Ткань Гобелен "Матрешка" цв.1 Ш-200 см пл.280гр 100% пэ Россия 310701, м	1218
catalog/tkani/mebelnye_tkani_/gobelen/gobelen_200_sm/188714.html	Ткань Гобелен "Мираж" Ш-200 см пл.320 гр 100% пэ Россия 310641, м	1218
catalog/tkani/mebelnye_tkani_/gobelen/gobelen_200_sm/188715.html	Ткань Гобелен "Народная" цв.1 Ш-200 см пл.280 гр 100% пэ Россия 310735, м	1218
catalog/tkani/mebelnye_tkani_/gobelen/gobelen_200_sm/188716.html	Ткань Гобелен "Народная" цв.2 Ш-200 см пл.280 гр 100% пэ Россия 310736, м	1218
catalog/tkani/mebelnye_tkani_/gobelen/gobelen_200_sm/188717.html	Ткань Гобелен "Ноты " цв.1 Ш-200 см пл.284гр 100% пэ Россия 310773, м	1218
catalog/tkani/mebelnye_tkani_/gobelen/gobelen_200_sm/188718.html	Ткань Гобелен "Окна" цв.2 Ш-200 см пл.325 гр 100% пэ Россия 310771, м	1218
catalog/tkani/mebelnye_tkani_/gobelen/gobelen_200_sm/188719.html	Ткань Гобелен "Оранжерея " Ш-200 см пл.355 гр 100% пэ Россия 31034, м	1218
catalog/tkani/mebelnye_tkani_/gobelen/gobelen_200_sm/188720.html	Ткань Гобелен "Очарование" цв.1 Ш-200 см пл.300гр 100% пэ Россия 3107941, м	1218
catalog/tkani/mebelnye_tkani_/gobelen/gobelen_200_sm/188721.html	Ткань Гобелен "Очарование" цв.2 Ш-200 см пл.300гр 100% пэ Россия 3107942, м	1218
catalog/tkani/mebelnye_tkani_/gobelen/gobelen_200_sm/188722.html	Ткань Гобелен "Палисадник" цв.1 Ш-200см пл.325гр 100% пэ Россия 310879, м	1218
catalog/tkani/mebelnye_tkani_/gobelen/gobelen_200_sm/188723.html	Ткань Гобелен "Платон " цв.101 Ш-200 см пл.420гр 100% пэ Россия 310101, м	1218
catalog/tkani/mebelnye_tkani_/gobelen/gobelen_200_sm/188724.html	Ткань Гобелен "Платон " цв.35 Ш-200 см пл.420гр 100% пэ Россия 310635, м	1218
catalog/tkani/mebelnye_tkani_/gobelen/gobelen_200_sm/188725.html	Ткань Гобелен "Платон " цв.82 Ш-200 см пл.420гр 100% пэ Россия 310682, м	1218
catalog/tkani/mebelnye_tkani_/gobelen/gobelen_200_sm/188726.html	Ткань Гобелен "Полдень" цв.1 Ш-200см пл.325гр 100% пэ Россия 310872, м	1218
catalog/tkani/mebelnye_tkani_/gobelen/gobelen_200_sm/188727.html	Ткань Гобелен "Поленница "цв.1 Ш-200 см пл.275 гр 1005 пэ Россия 31063, м	1218
catalog/tkani/mebelnye_tkani_/gobelen/gobelen_200_sm/188728.html	Ткань Гобелен "Полесье " цв.2 Ш-200 см пл. 305 гр 100% пэ Россия 310742, м	1218
catalog/tkani/mebelnye_tkani_/gobelen/gobelen_200_sm/188729.html	Ткань Гобелен "Поляна" цв.11 Ш-200 см пл.300 гр 100% пэ Россия 310731, м	1218
catalog/tkani/mebelnye_tkani_/gobelen/gobelen_200_sm/188730.html	Ткань Гобелен "Почта " цв.1 Ш-200 см пл.353гр 100% пэ Россия 31050, м	1218
catalog/tkani/mebelnye_tkani_/gobelen/gobelen_200_sm/188731.html	Ткань Гобелен "Пчелки" комп. цв.5 Ш-200 см пл.320гр 100% пэ Россия 310801, м	1218
catalog/tkani/mebelnye_tkani_/gobelen/gobelen_200_sm/188732.html	Ткань Гобелен "Пчелки" комп1 цв.4 Ш-200 см пл.320гр 100% пэ Россия 310814, м	1218
catalog/tkani/mebelnye_tkani_/gobelen/gobelen_200_sm/188733.html	Ткань Гобелен "Пчелки" комп1 цв.6 Ш-200 см пл.320гр 100% пэ Россия 310811, м	1218
catalog/tkani/mebelnye_tkani_/gobelen/gobelen_200_sm/188734.html	Ткань Гобелен "Пчелки" цв.4 Ш-200 см пл.320гр 100% пэ Россия 310793, м	1218
catalog/tkani/mebelnye_tkani_/gobelen/gobelen_200_sm/188735.html	Ткань Гобелен "Пчелки" цв.5 Ш-200 см пл.320гр 100% пэ Россия 310791, м	1218
catalog/tkani/mebelnye_tkani_/gobelen/gobelen_200_sm/188736.html	Ткань Гобелен "Пчелки" цв.6 Ш-200 см пл.320гр 100% пэ Россия 310792, м	1218
catalog/tkani/mebelnye_tkani_/gobelen/gobelen_200_sm/188737.html	Ткань Гобелен "Рассвет " Ш-200 см пл. 285 гр 100% пэ Россия 31047, м	1218
catalog/tkani/mebelnye_tkani_/gobelen/gobelen_200_sm/188738.html	Ткань Гобелен "Рекорд" цв.2 Ш-200см пл.340гр 100% пэ Россия 3108762, м	837
catalog/tkani/mebelnye_tkani_/gobelen/gobelen_200_sm/188739.html	Ткань Гобелен "Рефлекс " цв.101 Ш-200 см пл.420гр 100% пэ Россия 3107101, м	1218
catalog/tkani/mebelnye_tkani_/gobelen/gobelen_200_sm/188740.html	Ткань Гобелен "Рефлекс " цв.35 Ш-200 см пл.420гр 100% пэ Россия 310935, м	1218
catalog/tkani/mebelnye_tkani_/gobelen/gobelen_200_sm/188741.html	Ткань Гобелен "Рефлекс " цв.86 Ш-200 см пл.420гр 100% пэ Россия 310786, м	1218
catalog/tkani/mebelnye_tkani_/gobelen/gobelen_200_sm/188742.html	Ткань Гобелен "Свидание" Ш-200 см пл. 285гр 100% пэ Россия 31025, м	1218
catalog/tkani/mebelnye_tkani_/gobelen/gobelen_200_sm/188743.html	Ткань Гобелен "Свирь" цв.1 Ш-200 см пл.370 гр 100% пэ Россия 310772, м	1218
catalog/tkani/mebelnye_tkani_/gobelen/gobelen_200_sm/188744.html	Ткань Гобелен "Совушки" цв.1 Ш-200 см пл.280гр 100% пэ Россия 31071, м	1218
catalog/tkani/mebelnye_tkani_/gobelen/gobelen_200_sm/188745.html	Ткань Гобелен "София" цв.1 Ш-200см пл.280гр 100% пэ Россия 310877, м	1218
catalog/tkani/mebelnye_tkani_/gobelen/gobelen_200_sm/188746.html	Ткань Гобелен "Сплетения" цв.1 Ш-200 см пл.325гр 100% пэ Россия 310661, м	1218
catalog/tkani/mebelnye_tkani_/gobelen/gobelen_200_sm/188747.html	Ткань Гобелен "Стежка" цв.1 Ш-200 см пл.340гр 100% пэ Россия 310821, м	837
catalog/tkani/mebelnye_tkani_/gobelen/gobelen_200_sm/188748.html	Ткань Гобелен "Стежка" цв.2 Ш-200 см пл.340гр 100% пэ Россия 310861, м	837
catalog/tkani/mebelnye_tkani_/gobelen/gobelen_200_sm/188749.html	Ткань Гобелен "Стежка" цв.3 Ш-200 см пл.340гр 100% пэ Россия 310831, м	837
catalog/tkani/mebelnye_tkani_/gobelen/gobelen_200_sm/188750.html	Ткань Гобелен "Талисман "цв.39 Ш-200 см пл.400гр 100% пэ Россия 310839, м	837
catalog/tkani/mebelnye_tkani_/gobelen/gobelen_200_sm/188751.html	Ткань Гобелен "Трель" цв.1  Ш-200 см пл. 300гр 100% пэ Россия 3107951, м	1218
catalog/tkani/mebelnye_tkani_/gobelen/gobelen_200_sm/188752.html	Ткань Гобелен "Тропа" цв.2 Ш-200 см пл.340гр 100% пэ Россия 310851, м	837
catalog/tkani/mebelnye_tkani_/gobelen/gobelen_200_sm/188753.html	Ткань Гобелен "Тропа" цв.3 Ш-200 см пл.340гр 100% пэ Россия 310841, м	837
catalog/tkani/mebelnye_tkani_/gobelen/gobelen_200_sm/188754.html	Ткань Гобелен "Фантазия " Ш-200 см пл.280 гр 100% пэ Россия 310583, м	1218
catalog/tkani/mebelnye_tkani_/gobelen/gobelen_200_sm/188755.html	Ткань Гобелен "Фархад" Ш-200 см пл.300 гр 100% пэ Россия 3106291, м	1218
catalog/tkani/mebelnye_tkani_/gobelen/gobelen_200_sm/188756.html	Ткань Гобелен "Фауна" цв.1 Ш-200см пл.313гр 100% пэ Россия 310878, м	1218
catalog/tkani/mebelnye_tkani_/gobelen/gobelen_200_sm/188757.html	Ткань Гобелен "Фламинго " Ш-200 см пл. 365 гр 100% пэ Россия 31032-1, м	1218
catalog/tkani/mebelnye_tkani_/gobelen/gobelen_200_sm/188758.html	Ткань Гобелен "Хохлома" цв.1 Ш-200 см пл. 310 гр 100% пэ Россия 310721, м	1218
catalog/tkani/mebelnye_tkani_/gobelen/gobelen_200_sm/188759.html	Ткань Гобелен "Шаг" цв.1 Ш-200 см пл.310 гр 100% пэ Россия 3107531, м	1218
catalog/tkani/mebelnye_tkani_/gobelen/gobelen_200_sm/188760.html	Ткань Гобелен "Этно-1" цв.1 Ш-200 см пл.285 гр 100% пэ Россия 310862, м	1218
catalog/tkani/mebelnye_tkani_/gobelen/gobelen_200_sm/188761.html	Ткань Гобелен "Этно-4" цв.1 Ш-200 см пл.285 гр 100% пэ Россия310864, м	1218
catalog/tkani/mebelnye_tkani_/gobelen/gobelen_200_sm.html	Гобелен 200 см	1 218
catalog/tkani/mebelnye_tkani_/gobelen.html	Гобелен	1 218
catalog/tkani/mebelnye_tkani_/iskustvennaya_kozha.html	Искусственная кожа	777
catalog/tkani/mebelnye_tkani_/rogozhka_mebelnaya/183962.html	ткань Рогожка, цв. светло-серый	363
catalog/tkani/mebelnye_tkani_/rogozhka_mebelnaya/186362.html	ткань Рогожка, цв. тёмно-серый	363
catalog/tkani/mebelnye_tkani_/rogozhka_mebelnaya/filter/clear/apply.html	Рогожка мебельная	363
catalog/tkani/mebelnye_tkani_/rogozhka_mebelnaya.html	Рогожка мебельная	363
catalog/tkani/mebelnye_tkani_/shenill_1.html	Шенилл	812
catalog/tkani/mebelnye_tkani_.html	Мебельные ткани (для обивки мебели)	1 218
catalog/tkani/mekh_iskustvennyy/188666.html	Мех искусственный "Игрушка " Ш-150 см И-274 рыжий пр-во Беларусь 390-274-И, м	994
catalog/tkani/mekh_iskustvennyy/188667.html	Мех искусственный "Игрушка" Ш-150 см И-54-1 св.бежевый пр-во Беларусь 390-54-И, м	994
catalog/tkani/mekh_iskustvennyy/188668.html	Мех искусственный "Игрушка" Ш-150 см И-79 серый пр-во Беларусь 390-79-И, м	994
catalog/tkani/mekh_iskustvennyy/188669.html	Мех искусственный ИТЖФ7074 голубой фон снежинки 390-7074-ИТЖФ, м	1107
catalog/tkani/mekh_iskustvennyy/188670.html	Мех искусственный Норка Ш-190 см цв.коричневый 90-222-Н, м	3375
catalog/tkani/mekh_iskustvennyy/188671.html	Мех искусственный Норка Ш-190 см цв.серый 90-110-Н, м	3375
catalog/tkani/mekh_iskustvennyy/188672.html	Мех искусственный Норка Ш-190 см цв.черный 90-83-Н, м	3375
catalog/tkani/mekh_iskustvennyy/188673.html	Мех искусственный средневорсовый Ш-150 см коричнево-рыжий пр-во Беларусь 390-239-ИП, м	1133
catalog/tkani/mekh_iskustvennyy/188674.html	Мех искусственный средневорсовый Ш-150 см цв.черный "Под овчину" 90-860-О, м	1133
catalog/tkani/mekh_iskustvennyy/188675.html	Мех искуственный средневорсовый ИП-273 рыжий 90-273-ИП, м	1133
catalog/tkani/mekh_iskustvennyy/188676.html	Мех искуственный средневорсовый Ш-150 см цв.серый 390-62-ИП, м	1133
catalog/tkani/mekh_iskustvennyy/188677.html	Мех искуственный средневорсовый Ш-150 см цв.черный 390-85-ИП, м	1133
catalog/tkani/mekh_iskustvennyy.html	Искусственный мех	767
catalog/tkani/mernyy_loskut.html	!!! РАСПРОДАЖА !!!	
catalog/tkani/meshkovina_1.html	Мешковина	182
catalog/tkani/mikrofayber_1/mikrofayber_2.html	Микрофайбер	139
catalog/tkani/mikrofayber_1.html	Микрофайбер	139
catalog/tkani/muslin_detskiy.html	ткань Муслин детский	266
catalog/tkani/oksford/oksford_200_240d_.html	Оксфорд 150-300D	420
catalog/tkani/oksford/oksford_420d.html	Оксфорд 420D PU	264
catalog/tkani/oksford/oksford_420d_pvc.html	Оксфорд 420D PVC	225
catalog/tkani/oksford/oksford_600d_.html	Оксфорд 600D	256
catalog/tkani/oksford/oksford_900d_1680d.html	Оксфорд 900D/1680D	425
catalog/tkani/oksford.html	Ткань Оксфорд	256
catalog/tkani/perkal/162879.html	ткань Перкаль "Каппадокия" компаньон	295
catalog/tkani/perkal/167361.html	ткань Перкаль "Котофей"	295
catalog/tkani/perkal/174979.html	ткань Перкаль "Воздушные шары"	295
catalog/tkani/perkal/179434.html	ткань Перкаль "Котофей" компаньон	295
catalog/tkani/perkal/181399.html	ткань Перкаль "Бергамо"	295
catalog/tkani/perkal/181679.html	Ткань Перкаль "Камилла"	295
catalog/tkani/perkal/184734.html	ткань Перкаль "Вечернее небо"	295
catalog/tkani/perkal/184894.html	ткань Перкаль "Музей 5"	295
catalog/tkani/perkal/184948.html	ткань Перкаль "Декарт"	295
catalog/tkani/perkal/187041.html	ткань Перкаль "Веселые корги"	295
catalog/tkani/perkal/187431.html	ткань Перкаль "Камилла" компаньон	295
catalog/tkani/perkal/187470.html	ткань Перкаль "Вселенная" розовый  компаньон	295
catalog/tkani/perkal/188059.html	ткань Перкаль "Лунная соната"	295
catalog/tkani/perkal/188072.html	ткань Перкаль "Авокадо"	295
catalog/tkani/perkal/188347.html	ткань Перкаль "Звездное небо"	295
catalog/tkani/perkal/188350.html	ткань Перкаль "Каролина 2"	295
catalog/tkani/perkal/188352.html	ткань Перкаль "Белиссимо"	295
catalog/tkani/perkal/188358.html	ткань Перкаль "Каролина 1"	295
catalog/tkani/perkal/188470.html	ткань Перкаль "Альба 1"	295
catalog/tkani/perkal/188471.html	ткань Перкаль "Альба 2"	295
catalog/tkani/perkal/filter/clear/apply.html	ткань Перкаль	295
catalog/tkani/perkal/perkal_nabivnoy/162879.html	ткань Перкаль "Каппадокия" компаньон	295
catalog/tkani/perkal/perkal_nabivnoy/167361.html	ткань Перкаль "Котофей"	295
catalog/tkani/perkal/perkal_nabivnoy/174979.html	ткань Перкаль "Воздушные шары"	295
catalog/tkani/perkal/perkal_nabivnoy/179434.html	ткань Перкаль "Котофей" компаньон	295
catalog/tkani/perkal/perkal_nabivnoy/181399.html	ткань Перкаль "Бергамо"	295
catalog/tkani/perkal/perkal_nabivnoy/181679.html	Ткань Перкаль "Камилла"	295
catalog/tkani/perkal/perkal_nabivnoy/184734.html	ткань Перкаль "Вечернее небо"	295
catalog/tkani/perkal/perkal_nabivnoy/184894.html	ткань Перкаль "Музей 5"	295
catalog/tkani/perkal/perkal_nabivnoy/184948.html	ткань Перкаль "Декарт"	295
catalog/tkani/perkal/perkal_nabivnoy/187041.html	ткань Перкаль "Веселые корги"	295
catalog/tkani/perkal/perkal_nabivnoy/187431.html	ткань Перкаль "Камилла" компаньон	295
catalog/tkani/perkal/perkal_nabivnoy/187470.html	ткань Перкаль "Вселенная" розовый  компаньон	295
catalog/tkani/perkal/perkal_nabivnoy/188059.html	ткань Перкаль "Лунная соната"	295
catalog/tkani/perkal/perkal_nabivnoy/188072.html	ткань Перкаль "Авокадо"	295
catalog/tkani/perkal/perkal_nabivnoy/188347.html	ткань Перкаль "Звездное небо"	295
catalog/tkani/perkal/perkal_nabivnoy/188350.html	ткань Перкаль "Каролина 2"	295
catalog/tkani/perkal/perkal_nabivnoy/188352.html	ткань Перкаль "Белиссимо"	295
catalog/tkani/perkal/perkal_nabivnoy/188358.html	ткань Перкаль "Каролина 1"	295
catalog/tkani/perkal/perkal_nabivnoy/188470.html	ткань Перкаль "Альба 1"	295
catalog/tkani/perkal/perkal_nabivnoy/188471.html	ткань Перкаль "Альба 2"	295
catalog/tkani/perkal/perkal_nabivnoy/filter/clear/apply.html	Перкаль набивной	295
catalog/tkani/perkal/perkal_nabivnoy.html	Перкаль набивной	295
catalog/tkani/perkal/perkal_nabivnoy~PAGEN_1_2.html	Перкаль набивной	295
catalog/tkani/perkal/perkal_odnotonnyy/152891.html	ткань Перкаль "Текстура 14 "Горный ветер"	295
catalog/tkani/perkal/perkal_odnotonnyy/164420.html	ткань Перкаль "Эко 15" синий	295
catalog/tkani/perkal/perkal_odnotonnyy/172609.html	ткань Перкаль "Текстура 14" серая	295
catalog/tkani/perkal/perkal_odnotonnyy/172664.html	ткань Перкаль "Эко желтый"	295
catalog/tkani/perkal/perkal_odnotonnyy/172665.html	ткань Перкаль "Эко пурпурный"	295
catalog/tkani/perkal/perkal_odnotonnyy/176800.html	ткань Перкаль "Эко 3" коричневый	295
catalog/tkani/perkal/perkal_odnotonnyy/181948.html	ткань Перкаль "Текстура 2" бежевая	295
catalog/tkani/perkal/perkal_odnotonnyy/184230.html	ткань Перкаль "Текстура 19" шоколад	295
catalog/tkani/perkal/perkal_odnotonnyy/184739.html	ткань Перкаль "Эко 7" графит	295
catalog/tkani/perkal/perkal_odnotonnyy/184761.html	ткань Перкаль "Текстура 16", цв. синий	295
catalog/tkani/perkal/perkal_odnotonnyy/185751.html	ткань Перкаль "Текстура "Шоколадный крем 2"	295
catalog/tkani/perkal/perkal_odnotonnyy/185875.html	ткань Перкаль "Текстура 13" белая	295
catalog/tkani/perkal/perkal_odnotonnyy/186399.html	ткань Перкаль "Текстура 24"	295
catalog/tkani/perkal/perkal_odnotonnyy/186401.html	ткань Перкаль "Эко фиолетовый"	295
catalog/tkani/perkal/perkal_odnotonnyy/186404.html	ткань Перкаль "Текстура 6" цв.фиолетовый	295
catalog/tkani/perkal/perkal_odnotonnyy/186407.html	ткань Перкаль "Эко 13", цв. голубой	295
catalog/tkani/perkal/perkal_odnotonnyy/186539.html	ткань Перкаль "Текстура "Горный ветер 2"	295
catalog/tkani/perkal/perkal_odnotonnyy/187330.html	ткань Перкаль "Текстура "Утренний кофе 2"	295
catalog/tkani/perkal/perkal_odnotonnyy/187331.html	ткань Перкаль "Текстура 19 "Шоколадный крем"	295
catalog/tkani/perkal/perkal_odnotonnyy/187703.html	ткань Перкаль "Текстура "Ежевичный смузи 2"	295
catalog/tkani/perkal/perkal_odnotonnyy/filter/clear/apply.html	Перкаль однотонный	295
catalog/tkani/perkal/perkal_odnotonnyy.html	Перкаль однотонный	295
catalog/tkani/perkal/perkal_odnotonnyy~PAGEN_1_2.html	Перкаль однотонный	295
catalog/tkani/perkal.html	ткань Перкаль	295
catalog/tkani/perkal~PAGEN_1_2.html	ткань Перкаль	295
catalog/tkani/perkal~PAGEN_1_3.html	ткань Перкаль	295
catalog/tkani/perkal~PAGEN_1_4.html	ткань Перкаль	295
catalog/tkani/polotno_vafelnoe_/172784.html	ткань вафельная "Капучино"	119
catalog/tkani/polotno_vafelnoe_/174607.html	ткань вафельная "Черешня"	119
catalog/tkani/polotno_vafelnoe_/178451.html	ткань вафельная "Фокстрот"	119
catalog/tkani/polotno_vafelnoe_/179382.html	ткань вафельная "Кофемания"	119
catalog/tkani/polotno_vafelnoe_/179385.html	ткань вафельная "Перец"	119
catalog/tkani/polotno_vafelnoe_/181440.html	ткань вафельная "Чайная церемония"	119
catalog/tkani/polotno_vafelnoe_/183869.html	ткань вафельная "Нежный тюльпан"	119
catalog/tkani/polotno_vafelnoe_/183870.html	ткань вафельная "Розовый пэчворк"	119
catalog/tkani/polotno_vafelnoe_/183935.html	ткань вафельная "Котофей"	219
catalog/tkani/polotno_vafelnoe_/184738.html	ткань вафельная "Бабочки"	119
catalog/tkani/polotno_vafelnoe_/184771.html	ткань вафельная "Морское приключение"	219
catalog/tkani/polotno_vafelnoe_/185136.html	ткань вафельная "Лето в Провансе"	119
catalog/tkani/polotno_vafelnoe_/185573.html	ткань вафельная "Клубничка"	119
catalog/tkani/polotno_vafelnoe_/185907.html	ткань вафельная "Верба"	119
catalog/tkani/polotno_vafelnoe_/186848.html	ткань вафельная "Кофе"	119
catalog/tkani/polotno_vafelnoe_/187069.html	ткань вафельная "Морковки 1"	119
catalog/tkani/polotno_vafelnoe_/187516.html	ткань вафельная "Кукурузка"серый	119
catalog/tkani/polotno_vafelnoe_/187871.html	ткань вафельная "Хлеб"	119
catalog/tkani/polotno_vafelnoe_/188062.html	ткань вафельная "Дикая роза"	119
catalog/tkani/polotno_vafelnoe_/188367.html	ткань вафельная "Лимони синий"	219
catalog/tkani/polotno_vafelnoe_/filter/clear/apply.html	Вафельное полотно	119
catalog/tkani/polotno_vafelnoe_/gladkokrashennoe/176605.html	ткань Полотно вафельное, цв. белый	424
catalog/tkani/polotno_vafelnoe_/gladkokrashennoe/181424.html	ткань Полотно вафельное, цв. т.синий	424
catalog/tkani/polotno_vafelnoe_/gladkokrashennoe/184929.html	ткань Полотно вафельное цв.серый	424
catalog/tkani/polotno_vafelnoe_/gladkokrashennoe/184930.html	ткань Полотно вафельное цв.василек	424
catalog/tkani/polotno_vafelnoe_/gladkokrashennoe/184932.html	ткань Полотно вафельное, цв. сиреневый	424
catalog/tkani/polotno_vafelnoe_/gladkokrashennoe/184933.html	ткань Полотно вафельное, цв. голубой	424
catalog/tkani/polotno_vafelnoe_/gladkokrashennoe/184934.html	ткань Полотно вафельное, цв. синий	424
catalog/tkani/polotno_vafelnoe_/gladkokrashennoe/184936.html	ткань Полотно вафельное, цв. изумруд	424
catalog/tkani/polotno_vafelnoe_/gladkokrashennoe/185615.html	ткань Полотно вафельное, цв. графит	451
catalog/tkani/polotno_vafelnoe_/gladkokrashennoe/filter/clear/apply.html	Гладкокрашенное	424
catalog/tkani/polotno_vafelnoe_/gladkokrashennoe.html	Гладкокрашенное	424
catalog/tkani/polotno_vafelnoe_/polotno_nabivnoe/172784.html	ткань вафельная "Капучино"	119
catalog/tkani/polotno_vafelnoe_/polotno_nabivnoe/174607.html	ткань вафельная "Черешня"	119
catalog/tkani/polotno_vafelnoe_/polotno_nabivnoe/178451.html	ткань вафельная "Фокстрот"	119
catalog/tkani/polotno_vafelnoe_/polotno_nabivnoe/179382.html	ткань вафельная "Кофемания"	119
catalog/tkani/polotno_vafelnoe_/polotno_nabivnoe/179385.html	ткань вафельная "Перец"	119
catalog/tkani/polotno_vafelnoe_/polotno_nabivnoe/181440.html	ткань вафельная "Чайная церемония"	119
catalog/tkani/polotno_vafelnoe_/polotno_nabivnoe/183869.html	ткань вафельная "Нежный тюльпан"	119
catalog/tkani/polotno_vafelnoe_/polotno_nabivnoe/183870.html	ткань вафельная "Розовый пэчворк"	119
catalog/tkani/polotno_vafelnoe_/polotno_nabivnoe/183935.html	ткань вафельная "Котофей"	219
catalog/tkani/polotno_vafelnoe_/polotno_nabivnoe/184738.html	ткань вафельная "Бабочки"	119
catalog/tkani/polotno_vafelnoe_/polotno_nabivnoe/184771.html	ткань вафельная "Морское приключение"	219
catalog/tkani/polotno_vafelnoe_/polotno_nabivnoe/185136.html	ткань вафельная "Лето в Провансе"	119
catalog/tkani/polotno_vafelnoe_/polotno_nabivnoe/185573.html	ткань вафельная "Клубничка"	119
catalog/tkani/polotno_vafelnoe_/polotno_nabivnoe/185907.html	ткань вафельная "Верба"	119
catalog/tkani/polotno_vafelnoe_/polotno_nabivnoe/186848.html	ткань вафельная "Кофе"	119
catalog/tkani/polotno_vafelnoe_/polotno_nabivnoe/187069.html	ткань вафельная "Морковки 1"	119
catalog/tkani/polotno_vafelnoe_/polotno_nabivnoe/187516.html	ткань вафельная "Кукурузка"серый	119
catalog/tkani/polotno_vafelnoe_/polotno_nabivnoe/187871.html	ткань вафельная "Хлеб"	119
catalog/tkani/polotno_vafelnoe_/polotno_nabivnoe/188062.html	ткань вафельная "Дикая роза"	119
catalog/tkani/polotno_vafelnoe_/polotno_nabivnoe/188367.html	ткань вафельная "Лимони синий"	219
catalog/tkani/polotno_vafelnoe_/polotno_nabivnoe/filter/clear/apply.html	Вафельное полотно набивное	119
catalog/tkani/polotno_vafelnoe_/polotno_nabivnoe.html	Вафельное полотно набивное	119
catalog/tkani/polotno_vafelnoe_/polotno_nabivnoe~PAGEN_1_2.html	Вафельное полотно набивное	119
catalog/tkani/polotno_vafelnoe_/polotno_otbelennoe/10810.html	ткань Полотно вафельное отбеленное ГОСТ, пл.200г/м	164
catalog/tkani/polotno_vafelnoe_/polotno_otbelennoe/159171.html	ткань Полотно Вафельное отбеленное, пл.150  г/м²	106
catalog/tkani/polotno_vafelnoe_/polotno_otbelennoe/8202.html	ткань Полотно вафельное ГОСТ, пл.240 г/м2	111
catalog/tkani/polotno_vafelnoe_/polotno_otbelennoe/8404.html	ткань Полотно вафельное отбеленное, пл. 120 г/м²	62
catalog/tkani/polotno_vafelnoe_/polotno_otbelennoe/8639.html	ткань Полотно вафельное отбеленное, пл. 150 г/м²	67
catalog/tkani/polotno_vafelnoe_/polotno_otbelennoe/8739.html	ткань Полотно вафельное ГОСТ, пл. 200 г/м²	103
catalog/tkani/polotno_vafelnoe_/polotno_otbelennoe/filter/clear/apply.html	Вафельное полотно отбеленное	111
catalog/tkani/polotno_vafelnoe_/polotno_otbelennoe.html	Вафельное полотно отбеленное	111
catalog/tkani/polotno_vafelnoe_.html	Вафельное полотно	119
catalog/tkani/polotno_vafelnoe_~PAGEN_1_2.html	Вафельное полотно	119
catalog/tkani/polotno_vafelnoe_~PAGEN_1_3.html	Вафельное полотно	106
catalog/tkani/poplin_2/159428.html	ткань Поплин "Рыжие котята"	163
catalog/tkani/poplin_2/162643.html	ткань Поплин №13271/1	163
catalog/tkani/poplin_2/162644.html	ткань Поплин №13273/1	163
catalog/tkani/poplin_2/163748.html	ткань Поплин "Сестрички"	163
catalog/tkani/poplin_2/163825.html	ткань Поплин "Hearts"	163
catalog/tkani/poplin_2/164517.html	ткань Поплин "Дорожный патруль"	163
catalog/tkani/poplin_2/174631.html	ткань Поплин "Kitty 1"	163
catalog/tkani/poplin_2/175006.html	ткань Поплин "Мышка-балерина"	163
catalog/tkani/poplin_2/175083.html	ткань Поплин "Верные друзья"	163
catalog/tkani/poplin_2/176632.html	ткань Поплин "Зайка с подарком"	163
catalog/tkani/poplin_2/176634.html	ткань Поплин "Космос"	163
catalog/tkani/poplin_2/178445.html	ткань Поплин "Мини"	163
catalog/tkani/poplin_2/181676.html	ткань Перкаль "Граффити"	163
catalog/tkani/poplin_2/181701.html	ткань Поплин "Машинки"	163
catalog/tkani/poplin_2/181708.html	ткань Поплин "На воздушном шаре"	163
catalog/tkani/poplin_2/182153.html	ткань Поплин "Гонки"	163
catalog/tkani/poplin_2/183197.html	ткань Поплин "Карнавал"	163
catalog/tkani/poplin_2/185556.html	ткань Поплин отбеленный Ш-150	175
catalog/tkani/poplin_2/186585.html	ткань Поплин "Лисы" б/з оранжевые	163
catalog/tkani/poplin_2/186618.html	ткань Поплин "Шары" красные	163
catalog/tkani/poplin_2/filter/clear/apply.html	ткань Поплин	163
catalog/tkani/poplin_2/poplin_detskiy_2/150_sm.html	150 см	163
catalog/tkani/poplin_2/poplin_detskiy_2/159428.html	ткань Поплин "Рыжие котята"	163
catalog/tkani/poplin_2/poplin_detskiy_2/162643.html	ткань Поплин №13271/1	163
catalog/tkani/poplin_2/poplin_detskiy_2/162644.html	ткань Поплин №13273/1	163
catalog/tkani/poplin_2/poplin_detskiy_2/163748.html	ткань Поплин "Сестрички"	163
catalog/tkani/poplin_2/poplin_detskiy_2/163825.html	ткань Поплин "Hearts"	163
catalog/tkani/poplin_2/poplin_detskiy_2/164517.html	ткань Поплин "Дорожный патруль"	163
catalog/tkani/poplin_2/poplin_detskiy_2/174631.html	ткань Поплин "Kitty 1"	163
catalog/tkani/poplin_2/poplin_detskiy_2/175006.html	ткань Поплин "Мышка-балерина"	163
catalog/tkani/poplin_2/poplin_detskiy_2/175083.html	ткань Поплин "Верные друзья"	163
catalog/tkani/poplin_2/poplin_detskiy_2/176632.html	ткань Поплин "Зайка с подарком"	163
catalog/tkani/poplin_2/poplin_detskiy_2/176634.html	ткань Поплин "Космос"	163
catalog/tkani/poplin_2/poplin_detskiy_2/178445.html	ткань Поплин "Мини"	163
catalog/tkani/poplin_2/poplin_detskiy_2/181676.html	ткань Перкаль "Граффити"	163
catalog/tkani/poplin_2/poplin_detskiy_2/181701.html	ткань Поплин "Машинки"	163
catalog/tkani/poplin_2/poplin_detskiy_2/181708.html	ткань Поплин "На воздушном шаре"	163
catalog/tkani/poplin_2/poplin_detskiy_2/182153.html	ткань Поплин "Гонки"	163
catalog/tkani/poplin_2/poplin_detskiy_2/183197.html	ткань Поплин "Карнавал"	163
catalog/tkani/poplin_2/poplin_detskiy_2/186585.html	ткань Поплин "Лисы" б/з оранжевые	163
catalog/tkani/poplin_2/poplin_detskiy_2/186618.html	ткань Поплин "Шары" красные	163
catalog/tkani/poplin_2/poplin_detskiy_2/filter/clear/apply.html	ткань Поплин детский	163
catalog/tkani/poplin_2/poplin_detskiy_2.html	ткань Поплин детский	163
catalog/tkani/poplin_2/poplin_nabivnoy/182274.html	ткань Поплин, цв. брусничный	255
catalog/tkani/poplin_2/poplin_nabivnoy/185556.html	ткань Поплин отбеленный Ш-150	175
catalog/tkani/poplin_2/poplin_nabivnoy/filter/clear/apply.html	ткань Поплин набивной	175
catalog/tkani/poplin_2/poplin_nabivnoy.html	ткань Поплин набивной	175
catalog/tkani/poplin_2.html	ткань Поплин	163
catalog/tkani/poplin_2~PAGEN_1_2.html	ткань Поплин	255
catalog/tkani/raznye/kholst_dlya_khudozhnika.html	Холст для художника	401
catalog/tkani/raznye/marlya_1.html	Марля	420
catalog/tkani/raznye.html	Разные	401
catalog/tkani/satin/162409.html	ткань Сатин мерсеризированный цв.красный	679
catalog/tkani/satin/176690.html	ткань Сатин мерсеризированный цв.синий	679
catalog/tkani/satin/176691.html	ткань Сатин мерсеризированный цв.белый	679
catalog/tkani/satin/181921.html	ткань Сатин мерсеризированный цв.алый	679
catalog/tkani/satin/182209.html	ткань Сатин мерсеризированный цв. коралл	679
catalog/tkani/satin/185810.html	ткань Сатин гладь отбеленный	542
catalog/tkani/satin/186351.html	ткань Сатин мерсеризированный цв.серый (комп. к сатину "Орхидея"	679
catalog/tkani/satin/186354.html	ткань Сатин мерсеризированный цв. св. серый	679
catalog/tkani/satin/186538.html	ткань Сатин мерсеризированный "Лимоны" компаньон	679
catalog/tkani/satin/187044.html	ткань Сатин мерсеризированный цв.лаванда	679
catalog/tkani/satin/187045.html	ткань Сатин мерсеризированный цв.пудрово-розовый	679
catalog/tkani/satin/188326.html	ткань Сатин мерсеризированный "Патриция"	679
catalog/tkani/satin/188327.html	ткань Сатин мерсеризированный "Элиан"	679
catalog/tkani/satin/188328.html	ткань Сатин мерсеризированный "Роскошь" основа	679
catalog/tkani/satin/188329.html	ткань Сатин мерсеризированный "Орхидея" основа	679
catalog/tkani/satin/188332.html	ткань Сатин мерсеризированный "Каролина" основа	679
catalog/tkani/satin/188343.html	ткань Сатин мерсеризированный цв.молочный	679
catalog/tkani/satin/188353.html	Сатин "Французские узоры ", 100% хлопок, ш.250 см, цв.белый, 60*40S, пл.135 г/м2	764
catalog/tkani/satin/188551.html	ткань Сатин мерсеризированный "Неаполь"	679
catalog/tkani/satin/188661.html	Сатин "Французские узоры", 100% хлопок, ш.280 см, цв.белый, 60*40S, пл.135 г/м2	838
catalog/tkani/satin/filter/clear/apply.html	ткань Сатин	764
catalog/tkani/satin/satin_detskiy.html	ткань Сатин детский	
catalog/tkani/satin/satin_nabivnoy/179945.html	ткань Сатин Премиум "Птицы" цв. белый, цифровая печать	895
catalog/tkani/satin/satin_nabivnoy/186538.html	ткань Сатин мерсеризированный "Лимоны" компаньон	679
catalog/tkani/satin/satin_nabivnoy/186576.html	ткань Сатин Премиум "Розовый букет"	485
catalog/tkani/satin/satin_nabivnoy/186587.html	ткань Сатин Премиум "Индия" основа	485
catalog/tkani/satin/satin_nabivnoy/186891.html	ткань Сатин Премиум  компаньон к "Индия", "Розовый букет"	485
catalog/tkani/satin/satin_nabivnoy/188326.html	ткань Сатин мерсеризированный "Патриция"	679
catalog/tkani/satin/satin_nabivnoy/188327.html	ткань Сатин мерсеризированный "Элиан"	679
catalog/tkani/satin/satin_nabivnoy/188328.html	ткань Сатин мерсеризированный "Роскошь" основа	679
catalog/tkani/satin/satin_nabivnoy/188329.html	ткань Сатин мерсеризированный "Орхидея" основа	679
catalog/tkani/satin/satin_nabivnoy/188332.html	ткань Сатин мерсеризированный "Каролина" основа	679
catalog/tkani/satin/satin_nabivnoy/188551.html	ткань Сатин мерсеризированный "Неаполь"	679
catalog/tkani/satin/satin_nabivnoy/188658.html	ткань Сатин Премиум "Птицы" цв.серый, цифровая печать	895
catalog/tkani/satin/satin_nabivnoy/filter/clear/apply.html	ткань Сатин набивной	679
catalog/tkani/satin/satin_nabivnoy.html	ткань Сатин набивной	679
catalog/tkani/satin/satin_odnotonnyy/162409.html	ткань Сатин мерсеризированный цв.красный	679
catalog/tkani/satin/satin_odnotonnyy/176690.html	ткань Сатин мерсеризированный цв.синий	679
catalog/tkani/satin/satin_odnotonnyy/176691.html	ткань Сатин мерсеризированный цв.белый	679
catalog/tkani/satin/satin_odnotonnyy/176718.html	ткань Сатин мерсеризованный, цв. светлая бирюза	679
catalog/tkani/satin/satin_odnotonnyy/179368.html	ткань Сатин мерсеризированный цв.темно-синий	679
catalog/tkani/satin/satin_odnotonnyy/181921.html	ткань Сатин мерсеризированный цв.алый	679
catalog/tkani/satin/satin_odnotonnyy/182209.html	ткань Сатин мерсеризированный цв. коралл	679
catalog/tkani/satin/satin_odnotonnyy/182361.html	ткань Сатин мерсеризированный, цв. изумруд	679
catalog/tkani/satin/satin_odnotonnyy/184232.html	ткань Сатин мерсеризованный, цв. лавандовый	679
catalog/tkani/satin/satin_odnotonnyy/185810.html	ткань Сатин гладь отбеленный	542
catalog/tkani/satin/satin_odnotonnyy/186351.html	ткань Сатин мерсеризированный цв.серый (комп. к сатину "Орхидея"	679
catalog/tkani/satin/satin_odnotonnyy/186354.html	ткань Сатин мерсеризированный цв. св. серый	679
catalog/tkani/satin/satin_odnotonnyy/186391.html	ткань Сатин мерсеризированный цв.черный	679
catalog/tkani/satin/satin_odnotonnyy/187044.html	ткань Сатин мерсеризированный цв.лаванда	679
catalog/tkani/satin/satin_odnotonnyy/187045.html	ткань Сатин мерсеризированный цв.пудрово-розовый	679
catalog/tkani/satin/satin_odnotonnyy/187491.html	ткань Сатин мерсеризированный цв.хаки	679
catalog/tkani/satin/satin_odnotonnyy/188335.html	ткань Сатин мерсеризованный, цв. зеленый чай	679
catalog/tkani/satin/satin_odnotonnyy/188342.html	ткань Сатин мерсеризованный, цв. зеленый чай	679
catalog/tkani/satin/satin_odnotonnyy/188343.html	ткань Сатин мерсеризированный цв.молочный	679
catalog/tkani/satin/satin_odnotonnyy/188344.html	ткань Сатин мерсеризированный цв.темно-синий	679
catalog/tkani/satin/satin_odnotonnyy/filter/clear/apply.html	Сатин однотонный/Тенсель	542
catalog/tkani/satin/satin_odnotonnyy.html	Сатин однотонный/Тенсель	542
catalog/tkani/satin/satin_odnotonnyy~PAGEN_1_2.html	Сатин однотонный/Тенсель	679
catalog/tkani/satin/satin_s_zhakkardom/138847.html	ткань Сатин-страйп полоса 1 см, белый, Ш-280 см	792
catalog/tkani/satin/satin_s_zhakkardom/178510.html	ткань Сатин-страйп полоса 3 см, цв. белый, ш-240см	549
catalog/tkani/satin/satin_s_zhakkardom/183231.html	ткань Сатин-страйп, полоса 1 см, цв. шампань, пл. 125 г/м2, ш-240 см	549
catalog/tkani/satin/satin_s_zhakkardom/188336.html	ткань Сатин-страйп, полоса 3 см, цв. белый, ш-310см	725
catalog/tkani/satin/satin_s_zhakkardom/188337.html	ткань Сатин-страй, полоса 1 см, цв. белый, ш-240см	549
catalog/tkani/satin/satin_s_zhakkardom/188338.html	ткань Сатин-страйп, полоса 1 см, цв. белый, пл. 125 г/м2, ш-240 см	549
catalog/tkani/satin/satin_s_zhakkardom/188339.html	ткань Сатин-страйп, полоса 1 см, цв. хаки, пл. 125 г/м2, ш-240 см	549
catalog/tkani/satin/satin_s_zhakkardom/188340.html	ткань Сатин-страйп, полоса 1 см, цв. серый, пл. 125 г/м2, ш-240 см	549
catalog/tkani/satin/satin_s_zhakkardom/188353.html	Сатин "Французские узоры ", 100% хлопок, ш.250 см, цв.белый, 60*40S, пл.135 г/м2	764
catalog/tkani/satin/satin_s_zhakkardom/188660.html	ткань Сатин-страйп, полоса 1 см, цв. белый, ш-310см	725
catalog/tkani/satin/satin_s_zhakkardom/188661.html	Сатин "Французские узоры", 100% хлопок, ш.280 см, цв.белый, 60*40S, пл.135 г/м2	838
catalog/tkani/satin/satin_s_zhakkardom/188662.html	ткань Сатин-страйп полоса 3 см, белый, Ш-280 см	792
catalog/tkani/satin/satin_s_zhakkardom/filter/clear/apply.html	ткань Сатин с жаккардом	764
catalog/tkani/satin/satin_s_zhakkardom.html	ткань Сатин с жаккардом	764
catalog/tkani/satin.html	ткань Сатин	764
catalog/tkani/satin~PAGEN_1_2.html	ткань Сатин	679
catalog/tkani/satin~PAGEN_1_3.html	ткань Сатин	895
catalog/tkani/setka_antimoskitnaya.html	Сетка антимоскитная	211
catalog/tkani/sitets/153165.html	ткань Ситец, цв. черный	92
catalog/tkani/sitets/153282.html	ткань Ситец, цв. бирюзовый	92
catalog/tkani/sitets/153283.html	ткань Ситец, цв. розовый	92
catalog/tkani/sitets/153285.html	ткань Ситец цв. желтый	92
catalog/tkani/sitets/153286.html	ткань Ситец ,цв сиреневый	92
catalog/tkani/sitets/153718.html	ткань Ситец, цв. фисташка	92
catalog/tkani/sitets/162154.html	ткань Ситец, цв. т.синий	92
catalog/tkani/sitets/176615.html	ткань Ситец, цв. голубой	92
catalog/tkani/sitets/176616.html	ткань Ситец, цв. персиковый	92
catalog/tkani/sitets/178502.html	ткань Ситец, цв. салатовый	92
catalog/tkani/sitets/181426.html	ткань Ситец ГОСТ отбеленный	144
catalog/tkani/sitets/186329.html	ткань Ситец, цв. бордовый	92
catalog/tkani/sitets/9376.html	ткань Ситец, цв. красный	92
catalog/tkani/sitets/filter/clear/apply.html	ткань Ситец	92
catalog/tkani/sitets/sitets_belyy_madopolam/181426.html	ткань Ситец ГОСТ отбеленный	144
catalog/tkani/sitets/sitets_belyy_madopolam/filter/clear/apply.html	ткань Ситец белый (мадополам)	144
catalog/tkani/sitets/sitets_belyy_madopolam.html	ткань Ситец белый (мадополам)	144
catalog/tkani/sitets/sitets_detskiy/181426.html	ткань Ситец ГОСТ отбеленный	144
catalog/tkani/sitets/sitets_detskiy/filter/clear/apply.html	ткань Ситец детский	144
catalog/tkani/sitets/sitets_detskiy.html	ткань Ситец детский	144
catalog/tkani/sitets/sitets_gladkokrashennyy/153165.html	ткань Ситец, цв. черный	92
catalog/tkani/sitets/sitets_gladkokrashennyy/153282.html	ткань Ситец, цв. бирюзовый	92
catalog/tkani/sitets/sitets_gladkokrashennyy/153283.html	ткань Ситец, цв. розовый	92
catalog/tkani/sitets/sitets_gladkokrashennyy/153285.html	ткань Ситец цв. желтый	92
catalog/tkani/sitets/sitets_gladkokrashennyy/153286.html	ткань Ситец ,цв сиреневый	92
catalog/tkani/sitets/sitets_gladkokrashennyy/153718.html	ткань Ситец, цв. фисташка	92
catalog/tkani/sitets/sitets_gladkokrashennyy/162154.html	ткань Ситец, цв. т.синий	92
catalog/tkani/sitets/sitets_gladkokrashennyy/176615.html	ткань Ситец, цв. голубой	92
catalog/tkani/sitets/sitets_gladkokrashennyy/176616.html	ткань Ситец, цв. персиковый	92
catalog/tkani/sitets/sitets_gladkokrashennyy/178502.html	ткань Ситец, цв. салатовый	92
catalog/tkani/sitets/sitets_gladkokrashennyy/186329.html	ткань Ситец, цв. бордовый	92
catalog/tkani/sitets/sitets_gladkokrashennyy/9376.html	ткань Ситец, цв. красный	92
catalog/tkani/sitets/sitets_gladkokrashennyy/filter/clear/apply.html	Ситец гладкокрашенный	92
catalog/tkani/sitets/sitets_gladkokrashennyy.html	Ситец гладкокрашенный	92
catalog/tkani/sitets.html	ткань Ситец	92
catalog/tkani/tekhnicheskie_tkani/brezent_1.html	Брезент	414
catalog/tkani/tekhnicheskie_tkani/byaz_surovaya_1.html	Бязь суровая	174
catalog/tkani/tekhnicheskie_tkani/dvunitka.html	Двунитка	158
catalog/tkani/tekhnicheskie_tkani/marlya.html	Марля	420
catalog/tkani/tekhnicheskie_tkani/netkanoe_polotno_kholstoproshivnoe.html	Нетканое полотно (холстопрошивное)	48
catalog/tkani/tekhnicheskie_tkani.html	Технические ткани	420
catalog/tkani/tensel.html	Тенсель	
catalog/tkani/termostegannoe_polotno_ultrastep/termosegannoe_polotno_na_atlase.html	Термосеганное полотно на атласе	287
catalog/tkani/termostegannoe_polotno_ultrastep/termostegannoe_polotno_na_podklade.html	Термостеганное полотно на подкладе	188
catalog/tkani/termostegannoe_polotno_ultrastep/termostegannoe_polotno_na_polikottone.html	Термостеганное полотно на поликоттоне	358
catalog/tkani/termostegannoe_polotno_ultrastep.html	Термостёжка (ультрастеп)	287
catalog/tkani/tik/153284.html	ткань Тик матрасный	256
catalog/tkani/tik/159179.html	ткань Тик наволочный, цв. голубой	526
catalog/tkani/tik/172721.html	ткань Тик пухо-перовой	462
catalog/tkani/tik/174945.html	ткань Тик пухо-перовой	462
catalog/tkani/tik/176624.html	ткань Тик пухо-перовой	592
catalog/tkani/tik/182294.html	ткань Тик пухо-перовой	435
catalog/tkani/tik/182295.html	ткань Тик пухо-перовой	435
catalog/tkani/tik/183872.html	ткань Тик пухо-перовой	435
catalog/tkani/tik/186364.html	ткань Тик пухо-перовой	435
catalog/tkani/tik/186367.html	ткань Тик пухо-перовой	435
catalog/tkani/tik/filter/clear/apply.html	ткань Тик	256
catalog/tkani/tik/tik_matrasnyy/153284.html	ткань Тик матрасный	256
catalog/tkani/tik/tik_matrasnyy/filter/clear/apply.html	Тик матрасный	256
catalog/tkani/tik/tik_matrasnyy.html	Тик матрасный	256
catalog/tkani/tik/tik_pukhoperovoy/159179.html	ткань Тик наволочный, цв. голубой	526
catalog/tkani/tik/tik_pukhoperovoy/172721.html	ткань Тик пухо-перовой	462
catalog/tkani/tik/tik_pukhoperovoy/174945.html	ткань Тик пухо-перовой	462
catalog/tkani/tik/tik_pukhoperovoy/176624.html	ткань Тик пухо-перовой	592
catalog/tkani/tik/tik_pukhoperovoy/182294.html	ткань Тик пухо-перовой	435
catalog/tkani/tik/tik_pukhoperovoy/182295.html	ткань Тик пухо-перовой	435
catalog/tkani/tik/tik_pukhoperovoy/183872.html	ткань Тик пухо-перовой	435
catalog/tkani/tik/tik_pukhoperovoy/186364.html	ткань Тик пухо-перовой	435
catalog/tkani/tik/tik_pukhoperovoy/186367.html	ткань Тик пухо-перовой	435
catalog/tkani/tik/tik_pukhoperovoy/filter/clear/apply.html	Тик пухо-перовой	526
catalog/tkani/tik/tik_pukhoperovoy/tik_100_khlopok.html	Тик 100%  хлопок	526
catalog/tkani/tik/tik_pukhoperovoy/tik_smesovyy.html	Тик смесовый	462
catalog/tkani/tik/tik_pukhoperovoy.html	Тик пухо-перовой	526
catalog/tkani/tik.html	ткань Тик	256
catalog/tkani/tkan_dlya_pledov_i_pokryval.html	Ткань для пледов и покрывал	665
catalog/tkani/tkani_dlya_okon/blekaut.html	Портьерные ткани	1 170
catalog/tkani/tkani_dlya_okon/poluorganza.html	Полуорганза	309
catalog/tkani/tkani_dlya_okon/shtornye_tkani.html	Шторные ткани	254
catalog/tkani/tkani_dlya_okon/vual.html	Вуаль	243
catalog/tkani/tkani_dlya_okon.html	Ткани для окон	243
catalog/tkani/tkani_dlya_poshiva_pologov_i_tentov/brezent.html	Брезент	414
catalog/tkani/tkani_dlya_poshiva_pologov_i_tentov/oksford_.html	Оксфорд	367
catalog/tkani/tkani_dlya_poshiva_pologov_i_tentov/tkan_palatochnaya.html	Ткань палаточная	318
catalog/tkani/tkani_dlya_poshiva_pologov_i_tentov.html	Ткани для тентов и пологов	414
catalog/tkani/tkani_dlya_poshiva_spetsodezhdy/diagonal.html	Диагональ	166
catalog/tkani/tkani_dlya_poshiva_spetsodezhdy/gabrdin.html	Габардин	187
catalog/tkani/tkani_dlya_poshiva_spetsodezhdy/kamuflirovannaya_tkan.html	Камуфлированная ткань	229
catalog/tkani/tkani_dlya_poshiva_spetsodezhdy/smesovaya_tkan_.html	Смесовая ткань	287
catalog/tkani/tkani_dlya_poshiva_spetsodezhdy/tisi_dlya_meditsinskoy_odezhdy.html	Ткань Сорочечная (для медицинской одежды)	359
catalog/tkani/tkani_dlya_poshiva_spetsodezhdy.html	Ткани для спецодежды	359
catalog/tkani/tkani_dlya_skatertey/153669.html	Лен скатертной "Клетка", цв. зеленый	573
catalog/tkani/tkani_dlya_skatertey/188762.html	Ткань Журавинка  жаккард Ш-305см цв.белый 922330101-305, м	1149
catalog/tkani/tkani_dlya_skatertey/188795.html	Лен полотен. Ш-50 см "Клетка" 5501-19129040, м	204
catalog/tkani/tkani_dlya_skatertey/188796.html	Лен полотен. Ш-50 см "Клетка" 5501-19129155, м	204
catalog/tkani/tkani_dlya_skatertey/188797.html	Лен полотен. Ш-50 см "Клетка" 5501-19254289, м	204
catalog/tkani/tkani_dlya_skatertey/188798.html	Лен полотен. Ш-50 см "Клетка" 5501-19254358, м	204
catalog/tkani/tkani_dlya_skatertey/188799.html	Лен полотен. Ш-50 см "Клетка" цв.красный 5501-19254338, м	204
catalog/tkani/tkani_dlya_skatertey/188800.html	Лен полотенечный жаккард Ш-50 5501-10122, м	204
catalog/tkani/tkani_dlya_skatertey/188801.html	Лен полотенечный жаккард Ш-50 5501-13301, м	204
catalog/tkani/tkani_dlya_skatertey/188802.html	Лен полотенечный жаккард Ш-50 5501-13311, м	204
catalog/tkani/tkani_dlya_skatertey/188803.html	Лен полотенечный жаккард Ш-50 5501-13331, м	204
catalog/tkani/tkani_dlya_skatertey/188804.html	Лен полотенечный жаккард Ш-50 5501-13351, м	204
catalog/tkani/tkani_dlya_skatertey/188805.html	Лен полотенечный жаккард Ш-50 5501-13361, м	204
catalog/tkani/tkani_dlya_skatertey/188806.html	Лен оптик.отб. жаккард Ш-158 см 5158210-Ж, м	991
catalog/tkani/tkani_dlya_skatertey/188807.html	Лен скатерной жаккард Ш-158 см цв.натуральный 5160110-Ж, м	1124
catalog/tkani/tkani_dlya_skatertey/188808.html	П/лён кислованный набивной Ш-150см 30% лён,70% хл.,пл.140 гр "Альпийская ромашка" Г.-Я. 5150-17191, м	654
catalog/tkani/tkani_dlya_skatertey/188809.html	П/лён кислованный набивной Ш-150см 30% лён,70% хл.,пл.140 гр "Ромашка" Г.-Я. 5150-215001, м	654
catalog/tkani/tkani_dlya_skatertey/188810.html	П/лён набивной Ш-150см 30% лён,70% хл.,пл.140 гр "Колокольчики" 5150-171, м	588
catalog/tkani/tkani_dlya_skatertey/188811.html	П/лён набивной Ш-220см 30% лён,70% хл.,пл.140 гр "Райский сад бордо" Г.-Я. 5220-13342, м	777
catalog/tkani/tkani_dlya_skatertey/188812.html	П/лён набивной Ш-220см 30% лён,70% хл.,пл.140 гр "Райский сад синий" Г.-Я. 5220-13341, м	777
catalog/tkani/tkani_dlya_skatertey/filter/clear/apply.html	Ткани для скатертей	991
catalog/tkani/tkani_dlya_skatertey/len_dlya_skatertey/188806.html	Лен оптик.отб. жаккард Ш-158 см 5158210-Ж, м	991
catalog/tkani/tkani_dlya_skatertey/len_dlya_skatertey/188807.html	Лен скатерной жаккард Ш-158 см цв.натуральный 5160110-Ж, м	1124
catalog/tkani/tkani_dlya_skatertey/len_dlya_skatertey/188808.html	П/лён кислованный набивной Ш-150см 30% лён,70% хл.,пл.140 гр "Альпийская ромашка" Г.-Я. 5150-17191, м	654
catalog/tkani/tkani_dlya_skatertey/len_dlya_skatertey/188809.html	П/лён кислованный набивной Ш-150см 30% лён,70% хл.,пл.140 гр "Ромашка" Г.-Я. 5150-215001, м	654
catalog/tkani/tkani_dlya_skatertey/len_dlya_skatertey/188810.html	П/лён набивной Ш-150см 30% лён,70% хл.,пл.140 гр "Колокольчики" 5150-171, м	588
catalog/tkani/tkani_dlya_skatertey/len_dlya_skatertey/188811.html	П/лён набивной Ш-220см 30% лён,70% хл.,пл.140 гр "Райский сад бордо" Г.-Я. 5220-13342, м	777
catalog/tkani/tkani_dlya_skatertey/len_dlya_skatertey/188812.html	П/лён набивной Ш-220см 30% лён,70% хл.,пл.140 гр "Райский сад синий" Г.-Я. 5220-13341, м	777
catalog/tkani/tkani_dlya_skatertey/len_dlya_skatertey.html	Лен для скатертей	991
catalog/tkani/tkani_dlya_skatertey/len_polotenechnyy/188795.html	Лен полотен. Ш-50 см "Клетка" 5501-19129040, м	204
catalog/tkani/tkani_dlya_skatertey/len_polotenechnyy/188796.html	Лен полотен. Ш-50 см "Клетка" 5501-19129155, м	204
catalog/tkani/tkani_dlya_skatertey/len_polotenechnyy/188797.html	Лен полотен. Ш-50 см "Клетка" 5501-19254289, м	204
catalog/tkani/tkani_dlya_skatertey/len_polotenechnyy/188798.html	Лен полотен. Ш-50 см "Клетка" 5501-19254358, м	204
catalog/tkani/tkani_dlya_skatertey/len_polotenechnyy/188799.html	Лен полотен. Ш-50 см "Клетка" цв.красный 5501-19254338, м	204
catalog/tkani/tkani_dlya_skatertey/len_polotenechnyy/188800.html	Лен полотенечный жаккард Ш-50 5501-10122, м	204
catalog/tkani/tkani_dlya_skatertey/len_polotenechnyy/188801.html	Лен полотенечный жаккард Ш-50 5501-13301, м	204
catalog/tkani/tkani_dlya_skatertey/len_polotenechnyy/188802.html	Лен полотенечный жаккард Ш-50 5501-13311, м	204
catalog/tkani/tkani_dlya_skatertey/len_polotenechnyy/188803.html	Лен полотенечный жаккард Ш-50 5501-13331, м	204
catalog/tkani/tkani_dlya_skatertey/len_polotenechnyy/188804.html	Лен полотенечный жаккард Ш-50 5501-13351, м	204
catalog/tkani/tkani_dlya_skatertey/len_polotenechnyy/188805.html	Лен полотенечный жаккард Ш-50 5501-13361, м	204
catalog/tkani/tkani_dlya_skatertey/len_polotenechnyy.html	Лен полотенечный	204
catalog/tkani/tkani_dlya_skatertey/rogozhka/157088.html	ткань Рогожка "Горошек на льне"	303
catalog/tkani/tkani_dlya_skatertey/rogozhka/169020.html	ткань Рогожка "Лобстеры"	303
catalog/tkani/tkani_dlya_skatertey/rogozhka/174603.html	ткань Рогожка "Снежинки 2"	303
catalog/tkani/tkani_dlya_skatertey/rogozhka/174604.html	ткань Рогожка "Красные маки"	303
catalog/tkani/tkani_dlya_skatertey/rogozhka/174656.html	ткань Рогожка "Пестроткань"	303
catalog/tkani/tkani_dlya_skatertey/rogozhka/174659.html	ткань Рогожка "Лимон"	303
catalog/tkani/tkani_dlya_skatertey/rogozhka/181401.html	ткань Рогожка "Лаванда"	303
catalog/tkani/tkani_dlya_skatertey/rogozhka/181756.html	ткань Рогожка "Лен"	303
catalog/tkani/tkani_dlya_skatertey/rogozhka/183217.html	ткань Рогожка "Лайн"	303
catalog/tkani/tkani_dlya_skatertey/rogozhka/183939.html	ткань Рогожка "Вербное воскресенье"	303
catalog/tkani/tkani_dlya_skatertey/rogozhka/184292.html	ткань Рогожка "Маки"	303
catalog/tkani/tkani_dlya_skatertey/rogozhka/184293.html	ткань Рогожка "Анютины глазки"	303
catalog/tkani/tkani_dlya_skatertey/rogozhka/184298.html	ткань Рогожка "Хохлома"	303
catalog/tkani/tkani_dlya_skatertey/rogozhka/184469.html	ткань Рогожка "Версаль"	303
catalog/tkani/tkani_dlya_skatertey/rogozhka/184773.html	ткань Рогожка "Версаль" бирюза	303
catalog/tkani/tkani_dlya_skatertey/rogozhka/184774.html	ткань Рогожка "Версаль" на черном	303
catalog/tkani/tkani_dlya_skatertey/rogozhka/185576.html	ткань Рогожка "Пестроткань"	303
catalog/tkani/tkani_dlya_skatertey/rogozhka/187070.html	ткань Рогожка "Гжель"	303
catalog/tkani/tkani_dlya_skatertey/rogozhka/188119.html	ткань Рогожка "Помидоро" на черном	303
catalog/tkani/tkani_dlya_skatertey/rogozhka/188120.html	ткань Рогожка	303
catalog/tkani/tkani_dlya_skatertey/rogozhka/filter/clear/apply.html	ткань скатертная Рогожка	303
catalog/tkani/tkani_dlya_skatertey/rogozhka.html	ткань скатертная Рогожка	303
catalog/tkani/tkani_dlya_skatertey/rogozhka~PAGEN_1_2.html	ткань скатертная Рогожка	160
catalog/tkani/tkani_dlya_skatertey/tkan_skatertnaya_turtsiya.html	Ткань скатертная Турция	
catalog/tkani/tkani_dlya_skatertey/zhuravinka/188762.html	Ткань Журавинка  жаккард Ш-305см цв.белый 922330101-305, м	1149
catalog/tkani/tkani_dlya_skatertey/zhuravinka/188763.html	Ткань Журавинка  жаккард Ш-305см цв.сливочный 9110617-305 , м	1095
catalog/tkani/tkani_dlya_skatertey/zhuravinka/188764.html	Ткань Журавинка вензель Ш-155см цв.т.синий 2233-251003, м	637
catalog/tkani/tkani_dlya_skatertey/zhuravinka/188765.html	Ткань Журавинка гладь красная Ш-155 1346-181763, м	665
catalog/tkani/tkani_dlya_skatertey/zhuravinka/188766.html	Ткань Журавинка гладь Ш-155 см слон.кость 1346-110701, м	637
catalog/tkani/tkani_dlya_skatertey/zhuravinka/188767.html	Ткань Журавинка гладь Ш-155 см цв.капучино 1346-180601, м	665
catalog/tkani/tkani_dlya_skatertey/zhuravinka/188768.html	Ткань Журавинка гладь Ш-155 см цв.т.зеленый 1346-381003, м	637
catalog/tkani/tkani_dlya_skatertey/zhuravinka/188769.html	Ткань Журавинка гладь Ш-155 см шампань 1346-110510, м	637
catalog/tkani/tkani_dlya_skatertey/zhuravinka/188770.html	Ткань Журавинка гладь Ш-155 т.синий 1346-251003, м	665
catalog/tkani/tkani_dlya_skatertey/zhuravinka/188771.html	Ткань Журавинка гладь Ш-305 см цв.слоновая кость 1346110701-305, м	1149
catalog/tkani/tkani_dlya_skatertey/zhuravinka/188772.html	Ткань Журавинка гладье цв. коричневый Ш-155 см 1472-191436, м	637
catalog/tkani/tkani_dlya_skatertey/zhuravinka/188773.html	Ткань Журавинка гладье Ш-155 бежевый 1346-050303, м	637
catalog/tkani/tkani_dlya_skatertey/zhuravinka/188774.html	Ткань Журавинка жаккард Ш-155 т.синяя 1472-251003, м	665
catalog/tkani/tkani_dlya_skatertey/zhuravinka/188775.html	Ткань Журавинка жаккард Ш-155см бордо 1927-161004, м	665
catalog/tkani/tkani_dlya_skatertey/zhuravinka/188776.html	Ткань Журавинка жаккард Ш-155см серый 1927-010301, м	665
catalog/tkani/tkani_dlya_skatertey/zhuravinka/188777.html	Ткань Журавинка жаккард ш-155см слоновая кость 1472-110701, м	665
catalog/tkani/tkani_dlya_skatertey/zhuravinka/188778.html	Ткань Журавинка жаккард Ш-305 см цв.слоновая кость 90110701-305, м	1095
catalog/tkani/tkani_dlya_skatertey/zhuravinka/188779.html	Ткань Журавинка жаккард Ш-305 цв.бежевый 1472050303-305, м	1095
catalog/tkani/tkani_dlya_skatertey/zhuravinka/188780.html	Ткань Журавинка жаккард Ш-305 цв.т.зеленый 90361003-305, м	1149
catalog/tkani/tkani_dlya_skatertey/zhuravinka/188781.html	Ткань Журавинка жаккард Ш-305 цв.шампань 1472110510-305, м	1149
catalog/tkani/tkani_dlya_skatertey/zhuravinka/188782.html	Ткань Журавинка клетка Ш-155 т.синий 1053-251003, м	665
catalog/tkani/tkani_dlya_skatertey/zhuravinka/188783.html	Ткань Журавинка клетка Ш-155 черная 1053-441001, м	637
catalog/tkani/tkani_dlya_skatertey/zhuravinka/188784.html	Ткань Мати жаккард с пропиткой ГОМ Ш-155см пл.231 гр. 63% ХБ 37% ПЭ цв. бордо/золото 1589-1610040, м	760
catalog/tkani/tkani_dlya_skatertey/zhuravinka/188785.html	Ткань Ричард гладь Ш-305 см  50% хб 50% п/э пл. 237 гр цв. белый ГОМ 931346010101, м	1307
catalog/tkani/tkani_dlya_skatertey/zhuravinka/188786.html	Ткань Ричард гладь Ш-305 см  50% хб 50% п/э пл. 237 гр цв. слон.кость ГОМ 931346110701, м	1307
catalog/tkani/tkani_dlya_skatertey/zhuravinka/188787.html	Ткань Ричард жаккард Ш-305 см  50% хб 50% п/э пл. 237 гр цв. белый ГОМ 1812-010101, м	1307
catalog/tkani/tkani_dlya_skatertey/zhuravinka/188788.html	Ткань Ричард жаккард Ш-305 см  50% хб 50% п/э пл. 237 гр цв.белый ГОМ 931625010101, м	1307
catalog/tkani/tkani_dlya_skatertey/zhuravinka/188789.html	Ткань Ричард жаккард Ш-305 см  50% хб 50% п/э пл. 237 гр цв.белый ГОМ 931827010101, м	1307
catalog/tkani/tkani_dlya_skatertey/zhuravinka/188790.html	Ткань Ричард жаккард Ш-305 см  50% хб 50% п/э пл. 237 гр цв.слон.кость ГОМ 931812110701, м	1307
catalog/tkani/tkani_dlya_skatertey/zhuravinka/188791.html	Ткань Ричард жаккард Ш-305 см  50% хб 50% п/э пл. 237 гр цв.черный ГОМ 931828011001, м	1245
catalog/tkani/tkani_dlya_skatertey/zhuravinka/188792.html	Ткань Ричард клетка Ш-305 см  50% хб 50% п/э пл. 237 гр цв.черный ГОМ 932305011001, м	1245
catalog/tkani/tkani_dlya_skatertey/zhuravinka/188793.html	Ткань Ричард рогожка Ш-305 см 50% хб 50% п/э пл. 237 гр цв.слон.кость ГОМ 931942110701, м	1307
catalog/tkani/tkani_dlya_skatertey/zhuravinka/188794.html	Ткань скатертная Ш-325см пл. 110гр цв.белый жаккард м91-148567 , м	540
catalog/tkani/tkani_dlya_skatertey/zhuravinka/filter/clear/apply.html	ткань скатертная Журавинка	1 149
catalog/tkani/tkani_dlya_skatertey/zhuravinka.html	ткань скатертная Журавинка	1 149
catalog/tkani/tkani_dlya_skatertey.html	Ткани для скатертей	991
catalog/tkani/tkani_dlya_skatertey~PAGEN_1_2.html	Ткани для скатертей	1 095
catalog/tkani/tkani_dlya_skatertey~PAGEN_1_3.html	Ткани для скатертей	637
catalog/tkani/tkani_dlya_skatertey~PAGEN_1_5.html	Ткани для скатертей	1 149
catalog/tkani/tkani_platelno_kostyumnye/atlas_satin.html	Атлас	171
catalog/tkani/tkani_platelno_kostyumnye/batist.html	Батист	543
catalog/tkani/tkani_platelno_kostyumnye/batist_proshva.html	Батист "Прошва"	984
catalog/tkani/tkani_platelno_kostyumnye/disko.html	Диско	
catalog/tkani/tkani_platelno_kostyumnye/dzhins.html	Джинс	808
catalog/tkani/tkani_platelno_kostyumnye/fatin.html	Фатин	3 000 
catalog/tkani/tkani_platelno_kostyumnye/iskusstvennyy_shelk.html	Искусственный шелк	421
catalog/tkani/tkani_platelno_kostyumnye/khlopok.html	Хлопок	522
catalog/tkani/tkani_platelno_kostyumnye/len.html	Лен	397
catalog/tkani/tkani_platelno_kostyumnye/organza.html	Органза	237
catalog/tkani/tkani_platelno_kostyumnye/parcha.html	Парча	338
catalog/tkani/tkani_platelno_kostyumnye/poplin_1.html	Поплин	172
catalog/tkani/tkani_platelno_kostyumnye/shifon.html	Шифон	484
catalog/tkani/tkani_platelno_kostyumnye/shtapel.html	Штапель	330
catalog/tkani/tkani_platelno_kostyumnye/tensel_1.html	Тенсель	749
catalog/tkani/tkani_platelno_kostyumnye/tkan_s_payetkami.html	Ткань с пайетками	254
catalog/tkani/tkani_platelno_kostyumnye/viskoza.html	Вискоза	426
catalog/tkani/tkani_platelno_kostyumnye.html	Ткани плательно-костюмные	543
catalog/tkani/tkani_podkladochnye/taffeta_170_t.html	Таффета 170 Т	76
catalog/tkani/tkani_podkladochnye/taffeta_180_t.html	Таффета 180 Т	80
catalog/tkani/tkani_podkladochnye/taffeta_190_t.html	Таффета 190 Т	86
catalog/tkani/tkani_podkladochnye/torey_190t_chekhiya.html	"TOREY" 190Т Чехия	150
catalog/tkani/tkani_podkladochnye/viskoza_podkladochnaya.html	Вискоза подкладочная	389
catalog/tkani/tkani_podkladochnye.html	Подкладочные ткани	76
catalog/tkani/trikotazhnoe_polotno/bifleks.html	Бифлекс	879
catalog/tkani/trikotazhnoe_polotno/flis.html	Флис	356
catalog/tkani/trikotazhnoe_polotno/futer.html	Футер	595
catalog/tkani/trikotazhnoe_polotno/interlok.html	Интерлок	
catalog/tkani/trikotazhnoe_polotno/kashkarse.html	Кашкорсе	463
catalog/tkani/trikotazhnoe_polotno/kulirnaya_glad.html	Кулирная гладь	471
catalog/tkani/trikotazhnoe_polotno/ribana.html	Рибана	514
catalog/tkani/trikotazhnoe_polotno/viskoza_1.html	Вискоза	546
catalog/tkani/trikotazhnoe_polotno.html	Трикотажная ткань	879
catalog/tkani/vse_dlya_zashchitnykh_masok_1/140883.html	Нитки WINGS 100% полиэстер 40/2 5000 ярд	115
catalog/tkani/vse_dlya_zashchitnykh_masok_1/140885.html	Нитки WINGS 100% полиэстер 40/2 5000 ярд	115
catalog/tkani/vse_dlya_zashchitnykh_masok_1/140886.html	Нитки WINGS 100% полиэстер 40/2 5000 ярд	115
catalog/tkani/vse_dlya_zashchitnykh_masok_1/140887.html	Нитки WINGS 100% полиэстер 40/2 5000 ярд	115
catalog/tkani/vse_dlya_zashchitnykh_masok_1/140888.html	Нитки WINGS 100% полиэстер 40/2 5000 ярд	115
catalog/tkani/vse_dlya_zashchitnykh_masok_1/140889.html	Нитки WINGS 100% полиэстер 40/2 5000 ярд	115
catalog/tkani/vse_dlya_zashchitnykh_masok_1/140890.html	Нитки WINGS 100% полиэстер 40/2 5000 ярд	115
catalog/tkani/vse_dlya_zashchitnykh_masok_1/140891.html	Нитки WINGS 100% полиэстер 40/2 5000 ярд	115
catalog/tkani/vse_dlya_zashchitnykh_masok_1/140892.html	Нитки WINGS 100% полиэстер 40/2 5000 ярд	115
catalog/tkani/vse_dlya_zashchitnykh_masok_1/140893.html	Нитки WINGS 100% полиэстер 40/2 5000 ярд	115
catalog/tkani/vse_dlya_zashchitnykh_masok_1/140894.html	Нитки WINGS 100% полиэстер 40/2 5000 ярд	115
catalog/tkani/vse_dlya_zashchitnykh_masok_1/140895.html	Нитки WINGS 100% полиэстер 40/2 5000 ярд	115
catalog/tkani/vse_dlya_zashchitnykh_masok_1/159291.html	Марля ГОСТ, пл. 36 г/м	35
catalog/tkani/vse_dlya_zashchitnykh_masok_1/176488.html	Нитки WINGS 100% полиэстер 40/2 5000 ярд	115
catalog/tkani/vse_dlya_zashchitnykh_masok_1/176489.html	Нитки WINGS 100% полиэстер 40/2 5000 ярд	115
catalog/tkani/vse_dlya_zashchitnykh_masok_1/176490.html	Нитки WINGS 100% полиэстер 40/2 5000 ярд	115
catalog/tkani/vse_dlya_zashchitnykh_masok_1/176543.html	Нитки WINGS 100% полиэстер 40/2 5000 ярд	115
catalog/tkani/vse_dlya_zashchitnykh_masok_1/176544.html	Нитки WINGS 100% полиэстер 40/2 5000 ярд	115
catalog/tkani/vse_dlya_zashchitnykh_masok_1/176545.html	Нитки WINGS 100% полиэстер 40/2 5000 ярд	115
catalog/tkani/vse_dlya_zashchitnykh_masok_1/182370.html	Марля ГОСТ пл.36гр/м (уп.10 метров)	420
catalog/tkani/vse_dlya_zashchitnykh_masok_1/byaz_odnotonnaya_1/144603.html	ткань Бязь, цв. т. коричневый, ГОСТ	232
catalog/tkani/vse_dlya_zashchitnykh_masok_1/byaz_odnotonnaya_1/144604.html	ткань Бязь отбеленная, пл.120 г/м, Ш-150 см	149
catalog/tkani/vse_dlya_zashchitnykh_masok_1/byaz_odnotonnaya_1/147393.html	ткань Бязь черная, ГОСТ	184
catalog/tkani/vse_dlya_zashchitnykh_masok_1/byaz_odnotonnaya_1/150012.html	ткань Бязь отбеленная ГОСТ, Ш-220 см	255
catalog/tkani/vse_dlya_zashchitnykh_masok_1/byaz_odnotonnaya_1/150013.html	ткань Бязь отбеленная, пл.105 г/м, Ш-150 см	129
catalog/tkani/vse_dlya_zashchitnykh_masok_1/byaz_odnotonnaya_1/153082.html	ткань Бязь, цв. зеленый,  ГОСТ	232
catalog/tkani/vse_dlya_zashchitnykh_masok_1/byaz_odnotonnaya_1/153144.html	ткань Бязь отбеленная ш-80см	102
catalog/tkani/vse_dlya_zashchitnykh_masok_1/byaz_odnotonnaya_1/153152.html	ткань Бязь отбеленная ГОСТ, Ш-80 см	111
catalog/tkani/vse_dlya_zashchitnykh_masok_1/byaz_odnotonnaya_1/153184.html	ткань Бязь, цв. персиковый, ГОСТ	232
catalog/tkani/vse_dlya_zashchitnykh_masok_1/byaz_odnotonnaya_1/153185.html	ткань Бязь, цв.желтый, ГОСТ	232
catalog/tkani/vse_dlya_zashchitnykh_masok_1/byaz_odnotonnaya_1/153186.html	ткань Бязь, цв.розовый, ГОСТ	232
catalog/tkani/vse_dlya_zashchitnykh_masok_1/byaz_odnotonnaya_1/153189.html	ткань Бязь, цв. изумруд, ГОСТ	232
catalog/tkani/vse_dlya_zashchitnykh_masok_1/byaz_odnotonnaya_1/153192.html	ткань Бязь, цв. василек, ГОСТ	232
catalog/tkani/vse_dlya_zashchitnykh_masok_1/byaz_odnotonnaya_1/153201.html	ткань Бязь, цв. бирюзовый, ГОСТ	232
catalog/tkani/vse_dlya_zashchitnykh_masok_1/byaz_odnotonnaya_1/176575.html	ткань Бязь, цв. серый, ГОСТ	232
catalog/tkani/vse_dlya_zashchitnykh_masok_1/byaz_odnotonnaya_1/176576.html	ткань Бязь, цв. голубой, ГОСТ	232
catalog/tkani/vse_dlya_zashchitnykh_masok_1/byaz_odnotonnaya_1/176578.html	ткань Бязь, цв.бежевый, ГОСТ	232
catalog/tkani/vse_dlya_zashchitnykh_masok_1/byaz_odnotonnaya_1/181398.html	ткань Бязь, цв. оливковый, ГОСТ	211
catalog/tkani/vse_dlya_zashchitnykh_masok_1/byaz_odnotonnaya_1/184218.html	ткань Бязь, цв. малина ГОСТ	232
catalog/tkani/vse_dlya_zashchitnykh_masok_1/byaz_odnotonnaya_1/184391.html	ткань Бязь, цв. оранжевый, ГОСТ	232
catalog/tkani/vse_dlya_zashchitnykh_masok_1/byaz_odnotonnaya_1/filter/clear/apply.html	Бязь однотонная	255
catalog/tkani/vse_dlya_zashchitnykh_masok_1/byaz_odnotonnaya_1.html	Бязь однотонная	255
catalog/tkani/vse_dlya_zashchitnykh_masok_1/byaz_odnotonnaya_1~PAGEN_1_2.html	Бязь однотонная	232
catalog/tkani/vse_dlya_zashchitnykh_masok_1/filter/clear/apply.html	ВСЕ ДЛЯ ЗАЩИТНЫХ МАСОК	420
catalog/tkani/vse_dlya_zashchitnykh_masok_1/kulirnaya_glad_2/184361.html	трикотаж Кулирная гладь "Самолёты"	471
catalog/tkani/vse_dlya_zashchitnykh_masok_1/kulirnaya_glad_2/184362.html	трикотаж Кулирная гладь "Динозавры"	471
catalog/tkani/vse_dlya_zashchitnykh_masok_1/kulirnaya_glad_2/filter/clear/apply.html	Кулирная гладь	471
catalog/tkani/vse_dlya_zashchitnykh_masok_1/kulirnaya_glad_2.html	Кулирная гладь	471
catalog/tkani/vse_dlya_zashchitnykh_masok_1/marlya_3/159291.html	Марля ГОСТ, пл. 36 г/м	35
catalog/tkani/vse_dlya_zashchitnykh_masok_1/marlya_3/182370.html	Марля ГОСТ пл.36гр/м (уп.10 метров)	420
catalog/tkani/vse_dlya_zashchitnykh_masok_1/marlya_3/9228.html	Марля, пл. 26 г/м	29
catalog/tkani/vse_dlya_zashchitnykh_masok_1/marlya_3/filter/clear/apply.html	Марля	420
catalog/tkani/vse_dlya_zashchitnykh_masok_1/marlya_3.html	Марля	420
catalog/tkani/vse_dlya_zashchitnykh_masok_1/nitki_3/162193.html	Нитки WINGS 100% полиэстер 40/2 5000 ярд	115
catalog/tkani/vse_dlya_zashchitnykh_masok_1/nitki_3/162200.html	Нитки WINGS 100% полиэстер 40/2 5000 ярд	115
catalog/tkani/vse_dlya_zashchitnykh_masok_1/nitki_3/162203.html	Нитки WINGS 100% полиэстер 40/2 5000 ярд	115
catalog/tkani/vse_dlya_zashchitnykh_masok_1/nitki_3/164674.html	Нитки WINGS 100% полиэстер 40/2 5000 ярд	115
catalog/tkani/vse_dlya_zashchitnykh_masok_1/nitki_3/164675.html	Нитки WINGS 100% полиэстер 40/2 5000 ярд	115
catalog/tkani/vse_dlya_zashchitnykh_masok_1/nitki_3/172571.html	Нитки WINGS 100% полиэстер 40/2 5000 ярд	115
catalog/tkani/vse_dlya_zashchitnykh_masok_1/nitki_3/172583.html	Нитки WINGS 100% полиэстер 40/2 5000 ярд	115
catalog/tkani/vse_dlya_zashchitnykh_masok_1/nitki_3/172585.html	Нитки WINGS 100% полиэстер 40/2 5000 ярд	115
catalog/tkani/vse_dlya_zashchitnykh_masok_1/nitki_3/172710.html	Нитки WINGS 100% полиэстер 40/2 5000 ярд	115
catalog/tkani/vse_dlya_zashchitnykh_masok_1/nitki_3/172711.html	Нитки WINGS 100% полиэстер 40/2 5000 ярд	115
catalog/tkani/vse_dlya_zashchitnykh_masok_1/nitki_3/172712.html	Нитки WINGS 100% полиэстер 40/2 5000 ярд	115
catalog/tkani/vse_dlya_zashchitnykh_masok_1/nitki_3/172713.html	Нитки WINGS 100% полиэстер 40/2 5000 ярд	115
catalog/tkani/vse_dlya_zashchitnykh_masok_1/nitki_3/172714.html	Нитки WINGS 100% полиэстер 40/2 5000 ярд	115
catalog/tkani/vse_dlya_zashchitnykh_masok_1/nitki_3/172716.html	Нитки WINGS 100% полиэстер 40/2 5000 ярд	115
catalog/tkani/vse_dlya_zashchitnykh_masok_1/nitki_3/172718.html	Нитки WINGS 100% полиэстер 40/2 5000 ярд	115
catalog/tkani/vse_dlya_zashchitnykh_masok_1/nitki_3/172719.html	Нитки WINGS 100% полиэстер 40/2 5000 ярд	115
catalog/tkani/vse_dlya_zashchitnykh_masok_1/nitki_3/172720.html	Нитки WINGS 100% полиэстер 40/2 5000 ярд	115
catalog/tkani/vse_dlya_zashchitnykh_masok_1/nitki_3/172726.html	Нитки WINGS 100% полиэстер 40/2 5000 ярд	115
catalog/tkani/vse_dlya_zashchitnykh_masok_1/nitki_3/175248.html	Нитки WINGS 100% полиэстер 40/2 5000 ярд	115
catalog/tkani/vse_dlya_zashchitnykh_masok_1/nitki_3/175600.html	Нитки WINGS 100% полиэстер 40/2 5000 ярд	115
catalog/tkani/vse_dlya_zashchitnykh_masok_1/nitki_3/filter/clear/apply.html	Нитки	115
catalog/tkani/vse_dlya_zashchitnykh_masok_1/nitki_3.html	Нитки	115
catalog/tkani/vse_dlya_zashchitnykh_masok_1/nitki_3~PAGEN_1_10.html	Нитки	115
catalog/tkani/vse_dlya_zashchitnykh_masok_1/nitki_3~PAGEN_1_2.html	Нитки	115
catalog/tkani/vse_dlya_zashchitnykh_masok_1/nitki_3~PAGEN_1_3.html	Нитки	115
catalog/tkani/vse_dlya_zashchitnykh_masok_1/poplin_streych_1/123651.html	ткань сорочечная (поплин-стрейч) "Соты" голубая	359
catalog/tkani/vse_dlya_zashchitnykh_masok_1/poplin_streych_1/123654.html	тк. сорочечная (поплин-стрейч) "Конфетная полоска"	359
catalog/tkani/vse_dlya_zashchitnykh_masok_1/poplin_streych_1/123665.html	ткань сорочечная (поплин-стрейч), цв.зеленый	359
catalog/tkani/vse_dlya_zashchitnykh_masok_1/poplin_streych_1/123668.html	ткань сорочечная (поплин-стрейч) "Мозайка" зеленая	359
catalog/tkani/vse_dlya_zashchitnykh_masok_1/poplin_streych_1/123669.html	тк.сорочечная (поплин-стрейч)"Бенгальская полоска"	359
catalog/tkani/vse_dlya_zashchitnykh_masok_1/poplin_streych_1/123671.html	тк.сорочечная (поплин-стрейч)"Бенгальская полоска"	359
catalog/tkani/vse_dlya_zashchitnykh_masok_1/poplin_streych_1/123685.html	ткань сорочечная (поплин-стрейч) "Мозайка" голубая	359
catalog/tkani/vse_dlya_zashchitnykh_masok_1/poplin_streych_1/166681.html	ткань сорочечная (поплин-стрейч), цв.черный	359
catalog/tkani/vse_dlya_zashchitnykh_masok_1/poplin_streych_1/187433.html	ткань сорочечная (поплин-стрейч), цв.голубой	192,50
catalog/tkani/vse_dlya_zashchitnykh_masok_1/poplin_streych_1/filter/clear/apply.html	Поплин стрейч	359
catalog/tkani/vse_dlya_zashchitnykh_masok_1/poplin_streych_1.html	Поплин стрейч	359
catalog/tkani/vse_dlya_zashchitnykh_masok_1/rezinka_v_nalichii_1/164469.html	Резинка вязаная Стандарт Д-35 мм белая	14
catalog/tkani/vse_dlya_zashchitnykh_masok_1/rezinka_v_nalichii_1/164470.html	Резинка вязаная Стандарт Д-35 мм черный	14
catalog/tkani/vse_dlya_zashchitnykh_masok_1/rezinka_v_nalichii_1/172843.html	Резинка бельевая Ш-12 мм цв.бежевый	12
catalog/tkani/vse_dlya_zashchitnykh_masok_1/rezinka_v_nalichii_1/172844.html	Резинка бельевая Ш-12 мм цв.красный	12
catalog/tkani/vse_dlya_zashchitnykh_masok_1/rezinka_v_nalichii_1/172876.html	Резинка бельевая Ш-12 мм цв.голубой	12
catalog/tkani/vse_dlya_zashchitnykh_masok_1/rezinka_v_nalichii_1/172877.html	Резинка бельевая Ш-12 мм цв.вишневая пенка	12
catalog/tkani/vse_dlya_zashchitnykh_masok_1/rezinka_v_nalichii_1/172878.html	Резинка бельевая Ш-12 мм цв.св.розовый	12
catalog/tkani/vse_dlya_zashchitnykh_masok_1/rezinka_v_nalichii_1/172884.html	Резинка бельевая Ш-12 мм цв.т.сиреневый	12
catalog/tkani/vse_dlya_zashchitnykh_masok_1/rezinka_v_nalichii_1/172902.html	Резинка бельевая для бретелей Ш-10 мм цв.бежевый	25
catalog/tkani/vse_dlya_zashchitnykh_masok_1/rezinka_v_nalichii_1/172904.html	Резинка бельевая для бретелей Ш-18 мм цв.бежевый	25
catalog/tkani/vse_dlya_zashchitnykh_masok_1/rezinka_v_nalichii_1/172905.html	Резинка бельевая для бретелей Ш-18 мм цв.черный	25
catalog/tkani/vse_dlya_zashchitnykh_masok_1/rezinka_v_nalichii_1/172909.html	Резинка бельевая для бретелей Ш-10 мм цв.т.красный	25
catalog/tkani/vse_dlya_zashchitnykh_masok_1/rezinka_v_nalichii_1/175704.html	Резинка бельевая Ш-12 мм цв.пастельно-желтый	12
catalog/tkani/vse_dlya_zashchitnykh_masok_1/rezinka_v_nalichii_1/175801.html	Резинка бельевая Ш-12 мм цв.мятный	12
catalog/tkani/vse_dlya_zashchitnykh_masok_1/rezinka_v_nalichii_1/178494.html	Резина вязаная Стандарт  Ш-45 мм белая	17
catalog/tkani/vse_dlya_zashchitnykh_masok_1/rezinka_v_nalichii_1/184889.html	Резинка вязаная Стандарт Ш-15 мм  черный	6
catalog/tkani/vse_dlya_zashchitnykh_masok_1/rezinka_v_nalichii_1/186373.html	Резинка вязаная Стандарт Ш-10 мм белый	6
catalog/tkani/vse_dlya_zashchitnykh_masok_1/rezinka_v_nalichii_1/186542.html	Резинка бельевая Ш-12 мм цв.розовый рубин 5-1256256	12
catalog/tkani/vse_dlya_zashchitnykh_masok_1/rezinka_v_nalichii_1/186861.html	Резинка вязаная  Ш-40 мм  цв.хаки 5-40328	29
catalog/tkani/vse_dlya_zashchitnykh_masok_1/rezinka_v_nalichii_1/187247.html	Резинка вязаная Стандарт 50 мм черный	17
catalog/tkani/vse_dlya_zashchitnykh_masok_1/rezinka_v_nalichii_1/filter/clear/apply.html	РЕЗИНКА в наличии	17
catalog/tkani/vse_dlya_zashchitnykh_masok_1/rezinka_v_nalichii_1.html	РЕЗИНКА в наличии	17
catalog/tkani/vse_dlya_zashchitnykh_masok_1/rezinka_v_nalichii_1~PAGEN_1_2.html	РЕЗИНКА в наличии	6
catalog/tkani/vse_dlya_zashchitnykh_masok_1/rezinka_v_nalichii_1~PAGEN_1_3.html	РЕЗИНКА в наличии	84
catalog/tkani/vse_dlya_zashchitnykh_masok_1/rezinka_v_nalichii_1~PAGEN_1_5.html	РЕЗИНКА в наличии	10
catalog/tkani/vse_dlya_zashchitnykh_masok_1/sitets_2/153165.html	ткань Ситец, цв. черный	92
catalog/tkani/vse_dlya_zashchitnykh_masok_1/sitets_2/153282.html	ткань Ситец, цв. бирюзовый	92
catalog/tkani/vse_dlya_zashchitnykh_masok_1/sitets_2/153283.html	ткань Ситец, цв. розовый	92
catalog/tkani/vse_dlya_zashchitnykh_masok_1/sitets_2/153285.html	ткань Ситец цв. желтый	92
catalog/tkani/vse_dlya_zashchitnykh_masok_1/sitets_2/153286.html	ткань Ситец ,цв сиреневый	92
catalog/tkani/vse_dlya_zashchitnykh_masok_1/sitets_2/153718.html	ткань Ситец, цв. фисташка	92
catalog/tkani/vse_dlya_zashchitnykh_masok_1/sitets_2/162154.html	ткань Ситец, цв. т.синий	92
catalog/tkani/vse_dlya_zashchitnykh_masok_1/sitets_2/176615.html	ткань Ситец, цв. голубой	92
catalog/tkani/vse_dlya_zashchitnykh_masok_1/sitets_2/176616.html	ткань Ситец, цв. персиковый	92
catalog/tkani/vse_dlya_zashchitnykh_masok_1/sitets_2/178502.html	ткань Ситец, цв. салатовый	92
catalog/tkani/vse_dlya_zashchitnykh_masok_1/sitets_2/181426.html	ткань Ситец ГОСТ отбеленный	144
catalog/tkani/vse_dlya_zashchitnykh_masok_1/sitets_2/186329.html	ткань Ситец, цв. бордовый	92
catalog/tkani/vse_dlya_zashchitnykh_masok_1/sitets_2/9376.html	ткань Ситец, цв. красный	92
catalog/tkani/vse_dlya_zashchitnykh_masok_1/sitets_2/filter/clear/apply.html	Ситец	92
catalog/tkani/vse_dlya_zashchitnykh_masok_1/sitets_2.html	Ситец	92
catalog/tkani/vse_dlya_zashchitnykh_masok_1/spanbond/159526.html	Спанбонд пл. 70 гр цв. белый	525
catalog/tkani/vse_dlya_zashchitnykh_masok_1/spanbond/162241.html	Спанбонд 60 г/кв.м, цв. белый	525
catalog/tkani/vse_dlya_zashchitnykh_masok_1/spanbond/172736.html	Спанбонд 17 г/кв.м, цв. белый	525
catalog/tkani/vse_dlya_zashchitnykh_masok_1/spanbond/174947.html	Спанбонд 40 г/кв.м, цв. белый	525
catalog/tkani/vse_dlya_zashchitnykh_masok_1/spanbond/filter/clear/apply.html	Спанбонд	525
catalog/tkani/vse_dlya_zashchitnykh_masok_1/spanbond.html	Спанбонд	525
catalog/tkani/vse_dlya_zashchitnykh_masok_1/tkan_100_khlopok_1/152891.html	ткань Перкаль "Текстура 14 "Горный ветер"	295
catalog/tkani/vse_dlya_zashchitnykh_masok_1/tkan_100_khlopok_1/164420.html	ткань Перкаль "Эко 15" синий	295
catalog/tkani/vse_dlya_zashchitnykh_masok_1/tkan_100_khlopok_1/168445.html	ткань Перкаль "Эко" зеленый	295
catalog/tkani/vse_dlya_zashchitnykh_masok_1/tkan_100_khlopok_1/172609.html	ткань Перкаль "Текстура 14" серая	295
catalog/tkani/vse_dlya_zashchitnykh_masok_1/tkan_100_khlopok_1/172664.html	ткань Перкаль "Эко желтый"	295
catalog/tkani/vse_dlya_zashchitnykh_masok_1/tkan_100_khlopok_1/172665.html	ткань Перкаль "Эко пурпурный"	295
catalog/tkani/vse_dlya_zashchitnykh_masok_1/tkan_100_khlopok_1/176800.html	ткань Перкаль "Эко 3" коричневый	295
catalog/tkani/vse_dlya_zashchitnykh_masok_1/tkan_100_khlopok_1/178347.html	ткань Перкаль "Эко" желтый	295
catalog/tkani/vse_dlya_zashchitnykh_masok_1/tkan_100_khlopok_1/181948.html	ткань Перкаль "Текстура 2" бежевая	295
catalog/tkani/vse_dlya_zashchitnykh_masok_1/tkan_100_khlopok_1/184230.html	ткань Перкаль "Текстура 19" шоколад	295
catalog/tkani/vse_dlya_zashchitnykh_masok_1/tkan_100_khlopok_1/184739.html	ткань Перкаль "Эко 7" графит	295
catalog/tkani/vse_dlya_zashchitnykh_masok_1/tkan_100_khlopok_1/185751.html	ткань Перкаль "Текстура "Шоколадный крем 2"	295
catalog/tkani/vse_dlya_zashchitnykh_masok_1/tkan_100_khlopok_1/185875.html	ткань Перкаль "Текстура 13" белая	295
catalog/tkani/vse_dlya_zashchitnykh_masok_1/tkan_100_khlopok_1/186399.html	ткань Перкаль "Текстура 24"	295
catalog/tkani/vse_dlya_zashchitnykh_masok_1/tkan_100_khlopok_1/186401.html	ткань Перкаль "Эко фиолетовый"	295
catalog/tkani/vse_dlya_zashchitnykh_masok_1/tkan_100_khlopok_1/186404.html	ткань Перкаль "Текстура 6" цв.фиолетовый	295
catalog/tkani/vse_dlya_zashchitnykh_masok_1/tkan_100_khlopok_1/186539.html	ткань Перкаль "Текстура "Горный ветер 2"	295
catalog/tkani/vse_dlya_zashchitnykh_masok_1/tkan_100_khlopok_1/187330.html	ткань Перкаль "Текстура "Утренний кофе 2"	295
catalog/tkani/vse_dlya_zashchitnykh_masok_1/tkan_100_khlopok_1/187331.html	ткань Перкаль "Текстура 19 "Шоколадный крем"	295
catalog/tkani/vse_dlya_zashchitnykh_masok_1/tkan_100_khlopok_1/187703.html	ткань Перкаль "Текстура "Ежевичный смузи 2"	295
catalog/tkani/vse_dlya_zashchitnykh_masok_1/tkan_100_khlopok_1/filter/clear/apply.html	Ткань с мелким рисунком Хлопок	295
catalog/tkani/vse_dlya_zashchitnykh_masok_1/tkan_100_khlopok_1.html	Ткань с мелким рисунком Хлопок	295
catalog/tkani/vse_dlya_zashchitnykh_masok_1/tkan_100_khlopok_1~PAGEN_1_2.html	Ткань с мелким рисунком Хлопок	295
catalog/tkani/vse_dlya_zashchitnykh_masok_1.html	ВСЕ ДЛЯ ЗАЩИТНЫХ МАСОК	420
catalog/tkani/vse_dlya_zashchitnykh_masok_1~PAGEN_1_18.html	ВСЕ ДЛЯ ЗАЩИТНЫХ МАСОК	115
catalog/tkani/vse_dlya_zashchitnykh_masok_1~PAGEN_1_2.html	ВСЕ ДЛЯ ЗАЩИТНЫХ МАСОК	115
catalog/tkani/vse_dlya_zashchitnykh_masok_1~PAGEN_1_3.html	ВСЕ ДЛЯ ЗАЩИТНЫХ МАСОК	115
catalog/tkani.html	Ткани оптом со склада в Ростове-на-Дону	543
catalog/tkani~PAGEN_1_2.html	Ткани оптом со склада в Ростове-на-Дону	243
catalog/tkani~PAGEN_1_3.html	Ткани оптом со склада в Ростове-на-Дону	285
catalog/tkani~PAGEN_1_93.html	Ткани оптом со склада в Ростове-на-Дону	115
catalog/upakovka_dlya_tekstilya/pakety/pakety_meshki.html	Пакеты-мешки	
catalog/upakovka_dlya_tekstilya/pakety/pakety_s_klapanom.html	Пакеты с клапаном и скотчем	7
catalog/upakovka_dlya_tekstilya/pakety/pakety_s_plastikovoy_ruchkoy.html	Пакеты с пластиковой ручкой	48
catalog/upakovka_dlya_tekstilya/pakety/pakety_s_prorubnoy_ruchkoy.html	Пакеты с прорубной ручкой	16
catalog/upakovka_dlya_tekstilya/pakety.html	Пакеты	7
catalog/upakovka_dlya_tekstilya/sumki_chemodany/sumki_chemodany_pvkh_spandbond.html	Сумки, чемоданы ПВХ, спандбонд	
catalog/upakovka_dlya_tekstilya/sumki_chemodany.html	Сумки, чемоданы	
catalog/upakovka_dlya_tekstilya.html	Упаковка для текстиля оптом со склада в Ростове-на-Дону	7
